item,City,Latitude,Longitude,Year,Amount,,,,,,,,,,,,,,,,,,
Alcoholic beverages,Chicago,41.8781 N,87.6298 W,2005,581,,,,,,,,,,,,,,,,,,
Apparel and services,Chicago,41.8781 N,87.6298 W,2005,2318,,,,,,,,,,,,,,,,,,
Cash contributions,Chicago,41.8781 N,87.6298 W,2005,2969,,,,,,,,,,,,,,,,,,
Cereals and bakery products,Chicago,41.8781 N,87.6298 W,2005,473,,,,,,,,,,,,,,,,,,
Dairy products,Chicago,41.8781 N,87.6298 W,2005,365,,,,,,,,,,,,,,,,,,
Education,Chicago,41.8781 N,87.6298 W,2005,1456,,,,,,,,,,,,,,,,,,
Entertainment,Chicago,41.8781 N,87.6298 W,2005,2629,,,,,,,,,,,,,,,,,,
Food away from home,Chicago,41.8781 N,87.6298 W,2005,3002,,,,,,,,,,,,,,,,,,
Fruits and vegetables,Chicago,41.8781 N,87.6298 W,2005,609,,,,,,,,,,,,,,,,,,
Healthcare,Chicago,41.8781 N,87.6298 W,2005,2933,,,,,,,,,,,,,,,,,,
Housing,Chicago,41.8781 N,87.6298 W,2005,18962,,,,,,,,,,,,,,,,,,
"Meats, poultry, fish, and eggs",Chicago,41.8781 N,87.6298 W,2005,815,,,,,,,,,,,,,,,,,,
Miscellaneous,Chicago,41.8781 N,87.6298 W,2005,920,,,,,,,,,,,,,,,,,,
Other food at home,Chicago,41.8781 N,87.6298 W,2005,1192,,,,,,,,,,,,,,,,,,
Personal care products and services,Chicago,41.8781 N,87.6298 W,2005,664,,,,,,,,,,,,,,,,,,
Personal insurance and pensions,Chicago,41.8781 N,87.6298 W,2005,5665,,,,,,,,,,,,,,,,,,
Reading,Chicago,41.8781 N,87.6298 W,2005,162,,,,,,,,,,,,,,,,,,
Tobacco products and smoking supplies,Chicago,41.8781 N,87.6298 W,2005,346,,,,,,,,,,,,,,,,,,
Transportation,Chicago,41.8781 N,87.6298 W,2005,8875,,,,,,,,,,,,,,,,,,
Alcoholic beverages,Chicago,41.8781 N,87.6298 W,2006,839,,,,,,,,,,,,,,,,,,
Apparel and services,Chicago,41.8781 N,87.6298 W,2006,2468,,,,,,,,,,,,,,,,,,
Cash contributions,Chicago,41.8781 N,87.6298 W,2006,1986,,,,,,,,,,,,,,,,,,
Cereals and bakery products,Chicago,41.8781 N,87.6298 W,2006,491,,,,,,,,,,,,,,,,,,
Dairy products,Chicago,41.8781 N,87.6298 W,2006,381,,,,,,,,,,,,,,,,,,
Education,Chicago,41.8781 N,87.6298 W,2006,1513,,,,,,,,,,,,,,,,,,
Entertainment,Chicago,41.8781 N,87.6298 W,2006,2621,,,,,,,,,,,,,,,,,,
Food away from home,Chicago,41.8781 N,87.6298 W,2006,3171,,,,,,,,,,,,,,,,,,
Fruits and vegetables,Chicago,41.8781 N,87.6298 W,2006,664,,,,,,,,,,,,,,,,,,
Healthcare,Chicago,41.8781 N,87.6298 W,2006,2878,,,,,,,,,,,,,,,,,,
Housing,Chicago,41.8781 N,87.6298 W,2006,19059,,,,,,,,,,,,,,,,,,
"Meats, poultry, fish, and eggs",Chicago,41.8781 N,87.6298 W,2006,879,,,,,,,,,,,,,,,,,,
Miscellaneous,Chicago,41.8781 N,87.6298 W,2006,817,,,,,,,,,,,,,,,,,,
Other food at home,Chicago,41.8781 N,87.6298 W,2006,1315,,,,,,,,,,,,,,,,,,
Personal care products and services,Chicago,41.8781 N,87.6298 W,2006,632,,,,,,,,,,,,,,,,,,
Personal insurance and pensions,Chicago,41.8781 N,87.6298 W,2006,6135,,,,,,,,,,,,,,,,,,
Reading,Chicago,41.8781 N,87.6298 W,2006,141,,,,,,,,,,,,,,,,,,
Tobacco products and smoking supplies,Chicago,41.8781 N,87.6298 W,2006,312,,,,,,,,,,,,,,,,,,
Transportation,Chicago,41.8781 N,87.6298 W,2006,8453,,,,,,,,,,,,,,,,,,
Alcoholic beverages,Chicago,41.8781 N,87.6298 W,2007,801,,,,,,,,,,,,,,,,,,
Apparel and services,Chicago,41.8781 N,87.6298 W,2007,3019,,,,,,,,,,,,,,,,,,
Cash contributions,Chicago,41.8781 N,87.6298 W,2007,1633,,,,,,,,,,,,,,,,,,
Cereals and bakery products,Chicago,41.8781 N,87.6298 W,2007,537,,,,,,,,,,,,,,,,,,
Dairy products,Chicago,41.8781 N,87.6298 W,2007,406,,,,,,,,,,,,,,,,,,
Education,Chicago,41.8781 N,87.6298 W,2007,1644,,,,,,,,,,,,,,,,,,
Entertainment,Chicago,41.8781 N,87.6298 W,2007,2740,,,,,,,,,,,,,,,,,,
Food away from home,Chicago,41.8781 N,87.6298 W,2007,3156,,,,,,,,,,,,,,,,,,
Fruits and vegetables,Chicago,41.8781 N,87.6298 W,2007,713,,,,,,,,,,,,,,,,,,
Healthcare,Chicago,41.8781 N,87.6298 W,2007,3020,,,,,,,,,,,,,,,,,,
Housing,Chicago,41.8781 N,87.6298 W,2007,20238,,,,,,,,,,,,,,,,,,
"Meats, poultry, fish, and eggs",Chicago,41.8781 N,87.6298 W,2007,932,,,,,,,,,,,,,,,,,,
Miscellaneous,Chicago,41.8781 N,87.6298 W,2007,837,,,,,,,,,,,,,,,,,,
Other food at home,Chicago,41.8781 N,87.6298 W,2007,1457,,,,,,,,,,,,,,,,,,
Personal care products and services,Chicago,41.8781 N,87.6298 W,2007,662,,,,,,,,,,,,,,,,,,
Personal insurance and pensions,Chicago,41.8781 N,87.6298 W,2007,6241,,,,,,,,,,,,,,,,,,
Reading,Chicago,41.8781 N,87.6298 W,2007,130,,,,,,,,,,,,,,,,,,
Tobacco products and smoking supplies,Chicago,41.8781 N,87.6298 W,2007,291,,,,,,,,,,,,,,,,,,
Transportation,Chicago,41.8781 N,87.6298 W,2007,8846,,,,,,,,,,,,,,,,,,
Alcoholic beverages,Chicago,41.8781 N,87.6298 W,2008,575,,,,,,,,,,,,,,,,,,
Apparel and services,Chicago,41.8781 N,87.6298 W,2008,2757,,,,,,,,,,,,,,,,,,
Cash contributions,Chicago,41.8781 N,87.6298 W,2008,1505,,,,,,,,,,,,,,,,,,
Cereals and bakery products,Chicago,41.8781 N,87.6298 W,2008,561,,,,,,,,,,,,,,,,,,
Dairy products,Chicago,41.8781 N,87.6298 W,2008,419,,,,,,,,,,,,,,,,,,
Education,Chicago,41.8781 N,87.6298 W,2008,1595,,,,,,,,,,,,,,,,,,
Entertainment,Chicago,41.8781 N,87.6298 W,2008,2885,,,,,,,,,,,,,,,,,,
Food away from home,Chicago,41.8781 N,87.6298 W,2008,3056,,,,,,,,,,,,,,,,,,
Fruits and vegetables,Chicago,41.8781 N,87.6298 W,2008,724,,,,,,,,,,,,,,,,,,
Healthcare,Chicago,41.8781 N,87.6298 W,2008,3324,,,,,,,,,,,,,,,,,,
Housing,Chicago,41.8781 N,87.6298 W,2008,20830,,,,,,,,,,,,,,,,,,
"Meats, poultry, fish, and eggs",Chicago,41.8781 N,87.6298 W,2008,919,,,,,,,,,,,,,,,,,,
Miscellaneous,Chicago,41.8781 N,87.6298 W,2008,882,,,,,,,,,,,,,,,,,,
Other food at home,Chicago,41.8781 N,87.6298 W,2008,1476,,,,,,,,,,,,,,,,,,
Personal care products and services,Chicago,41.8781 N,87.6298 W,2008,726,,,,,,,,,,,,,,,,,,
Personal insurance and pensions,Chicago,41.8781 N,87.6298 W,2008,6303,,,,,,,,,,,,,,,,,,
Reading,Chicago,41.8781 N,87.6298 W,2008,123,,,,,,,,,,,,,,,,,,
Tobacco products and smoking supplies,Chicago,41.8781 N,87.6298 W,2008,323,,,,,,,,,,,,,,,,,,
Transportation,Chicago,41.8781 N,87.6298 W,2008,8947,,,,,,,,,,,,,,,,,,
Alcoholic beverages,Chicago,41.8781 N,87.6298 W,2009,510,,,,,,,,,,,,,,,,,,
Apparel and services,Chicago,41.8781 N,87.6298 W,2009,2206,,,,,,,,,,,,,,,,,,
Cash contributions,Chicago,41.8781 N,87.6298 W,2009,1897,,,,,,,,,,,,,,,,,,
Cereals and bakery products,Chicago,41.8781 N,87.6298 W,2009,584,,,,,,,,,,,,,,,,,,
Dairy products,Chicago,41.8781 N,87.6298 W,2009,434,,,,,,,,,,,,,,,,,,
Education,Chicago,41.8781 N,87.6298 W,2009,1486,,,,,,,,,,,,,,,,,,
Entertainment,Chicago,41.8781 N,87.6298 W,2009,2861,,,,,,,,,,,,,,,,,,
Food away from home,Chicago,41.8781 N,87.6298 W,2009,2787,,,,,,,,,,,,,,,,,,
Fruits and vegetables,Chicago,41.8781 N,87.6298 W,2009,766,,,,,,,,,,,,,,,,,,
Healthcare,Chicago,41.8781 N,87.6298 W,2009,3485,,,,,,,,,,,,,,,,,,
Housing,Chicago,41.8781 N,87.6298 W,2009,20620,,,,,,,,,,,,,,,,,,
"Meats, poultry, fish, and eggs",Chicago,41.8781 N,87.6298 W,2009,960,,,,,,,,,,,,,,,,,,
Miscellaneous,Chicago,41.8781 N,87.6298 W,2009,863,,,,,,,,,,,,,,,,,,
Other food at home,Chicago,41.8781 N,87.6298 W,2009,1506,,,,,,,,,,,,,,,,,,
Personal care products and services,Chicago,41.8781 N,87.6298 W,2009,711,,,,,,,,,,,,,,,,,,
Personal insurance and pensions,Chicago,41.8781 N,87.6298 W,2009,5953,,,,,,,,,,,,,,,,,,
Reading,Chicago,41.8781 N,87.6298 W,2009,114,,,,,,,,,,,,,,,,,,
Tobacco products and smoking supplies,Chicago,41.8781 N,87.6298 W,2009,362,,,,,,,,,,,,,,,,,,
Transportation,Chicago,41.8781 N,87.6298 W,2009,8840,,,,,,,,,,,,,,,,,,
Alcoholic beverages,Chicago,41.8781 N,87.6298 W,2010,411,,,,,,,,,,,,,,,,,,
Apparel and services,Chicago,41.8781 N,87.6298 W,2010,1985,,,,,,,,,,,,,,,,,,
Cash contributions,Chicago,41.8781 N,87.6298 W,2010,1815,,,,,,,,,,,,,,,,,,
Cereals and bakery products,Chicago,41.8781 N,87.6298 W,2010,615,,,,,,,,,,,,,,,,,,
Dairy products,Chicago,41.8781 N,87.6298 W,2010,433,,,,,,,,,,,,,,,,,,
Education,Chicago,41.8781 N,87.6298 W,2010,1587,,,,,,,,,,,,,,,,,,
Entertainment,Chicago,41.8781 N,87.6298 W,2010,3095,,,,,,,,,,,,,,,,,,
Food away from home,Chicago,41.8781 N,87.6298 W,2010,2767,,,,,,,,,,,,,,,,,,
Fruits and vegetables,Chicago,41.8781 N,87.6298 W,2010,875,,,,,,,,,,,,,,,,,,
Healthcare,Chicago,41.8781 N,87.6298 W,2010,3500,,,,,,,,,,,,,,,,,,
Housing,Chicago,41.8781 N,87.6298 W,2010,20537,,,,,,,,,,,,,,,,,,
"Meats, poultry, fish, and eggs",Chicago,41.8781 N,87.6298 W,2010,956,,,,,,,,,,,,,,,,,,
Miscellaneous,Chicago,41.8781 N,87.6298 W,2010,768,,,,,,,,,,,,,,,,,,
Other food at home,Chicago,41.8781 N,87.6298 W,2010,1555,,,,,,,,,,,,,,,,,,
Personal care products and services,Chicago,41.8781 N,87.6298 W,2010,703,,,,,,,,,,,,,,,,,,
Personal insurance and pensions,Chicago,41.8781 N,87.6298 W,2010,6315,,,,,,,,,,,,,,,,,,
Reading,Chicago,41.8781 N,87.6298 W,2010,111,,,,,,,,,,,,,,,,,,
Tobacco products and smoking supplies,Chicago,41.8781 N,87.6298 W,2010,332,,,,,,,,,,,,,,,,,,
Transportation,Chicago,41.8781 N,87.6298 W,2010,8662,,,,,,,,,,,,,,,,,,
Alcoholic beverages,Chicago,41.8781 N,87.6298 W,2011,439,,,,,,,,,,,,,,,,,,
Apparel and services,Chicago,41.8781 N,87.6298 W,2011,2056,,,,,,,,,,,,,,,,,,
Cash contributions,Chicago,41.8781 N,87.6298 W,2011,1595,,,,,,,,,,,,,,,,,,
Cereals and bakery products,Chicago,41.8781 N,87.6298 W,2011,602,,,,,,,,,,,,,,,,,,
Dairy products,Chicago,41.8781 N,87.6298 W,2011,404,,,,,,,,,,,,,,,,,,
Education,Chicago,41.8781 N,87.6298 W,2011,1776,,,,,,,,,,,,,,,,,,
Entertainment,Chicago,41.8781 N,87.6298 W,2011,3100,,,,,,,,,,,,,,,,,,
Food away from home,Chicago,41.8781 N,87.6298 W,2011,2882,,,,,,,,,,,,,,,,,,
Fruits and vegetables,Chicago,41.8781 N,87.6298 W,2011,903,,,,,,,,,,,,,,,,,,
Healthcare,Chicago,41.8781 N,87.6298 W,2011,4085,,,,,,,,,,,,,,,,,,
Housing,Chicago,41.8781 N,87.6298 W,2011,20520,,,,,,,,,,,,,,,,,,
"Meats, poultry, fish, and eggs",Chicago,41.8781 N,87.6298 W,2011,904,,,,,,,,,,,,,,,,,,
Miscellaneous,Chicago,41.8781 N,87.6298 W,2011,794,,,,,,,,,,,,,,,,,,
Other food at home,Chicago,41.8781 N,87.6298 W,2011,1465,,,,,,,,,,,,,,,,,,
Personal care products and services,Chicago,41.8781 N,87.6298 W,2011,726,,,,,,,,,,,,,,,,,,
Personal insurance and pensions,Chicago,41.8781 N,87.6298 W,2011,6602,,,,,,,,,,,,,,,,,,
Reading,Chicago,41.8781 N,87.6298 W,2011,123,,,,,,,,,,,,,,,,,,
Tobacco products and smoking supplies,Chicago,41.8781 N,87.6298 W,2011,263,,,,,,,,,,,,,,,,,,
Transportation,Chicago,41.8781 N,87.6298 W,2011,8342,,,,,,,,,,,,,,,,,,
Alcoholic beverages,Chicago,41.8781 N,87.6298 W,2012,503,,,,,,,,,,,,,,,,,,
Apparel and services,Chicago,41.8781 N,87.6298 W,2012,2059,,,,,,,,,,,,,,,,,,
Cash contributions,Chicago,41.8781 N,87.6298 W,2012,1755,,,,,,,,,,,,,,,,,,
Cereals and bakery products,Chicago,41.8781 N,87.6298 W,2012,596,,,,,,,,,,,,,,,,,,
Dairy products,Chicago,41.8781 N,87.6298 W,2012,400,,,,,,,,,,,,,,,,,,
Education,Chicago,41.8781 N,87.6298 W,2012,2147,,,,,,,,,,,,,,,,,,
Entertainment,Chicago,41.8781 N,87.6298 W,2012,2812,,,,,,,,,,,,,,,,,,
Food away from home,Chicago,41.8781 N,87.6298 W,2012,2935,,,,,,,,,,,,,,,,,,
Fruits and vegetables,Chicago,41.8781 N,87.6298 W,2012,862,,,,,,,,,,,,,,,,,,
Healthcare,Chicago,41.8781 N,87.6298 W,2012,4380,,,,,,,,,,,,,,,,,,
Housing,Chicago,41.8781 N,87.6298 W,2012,20124,,,,,,,,,,,,,,,,,,
"Meats, poultry, fish, and eggs",Chicago,41.8781 N,87.6298 W,2012,878,,,,,,,,,,,,,,,,,,
Miscellaneous,Chicago,41.8781 N,87.6298 W,2012,948,,,,,,,,,,,,,,,,,,
Other food at home,Chicago,41.8781 N,87.6298 W,2012,1451,,,,,,,,,,,,,,,,,,
Personal care products and services,Chicago,41.8781 N,87.6298 W,2012,678,,,,,,,,,,,,,,,,,,
Personal insurance and pensions,Chicago,41.8781 N,87.6298 W,2012,6167,,,,,,,,,,,,,,,,,,
Reading,Chicago,41.8781 N,87.6298 W,2012,123,,,,,,,,,,,,,,,,,,
Tobacco products and smoking supplies,Chicago,41.8781 N,87.6298 W,2012,233,,,,,,,,,,,,,,,,,,
Transportation,Chicago,41.8781 N,87.6298 W,2012,8656,,,,,,,,,,,,,,,,,,
Alcoholic beverages,Chicago,41.8781 N,87.6298 W,2013,436,,,,,,,,,,,,,,,,,,
Apparel and services,Chicago,41.8781 N,87.6298 W,2013,2084,,,,,,,,,,,,,,,,,,
Cash contributions,Chicago,41.8781 N,87.6298 W,2013,1781,,,,,,,,,,,,,,,,,,
Cereals and bakery products,Chicago,41.8781 N,87.6298 W,2013,664,,,,,,,,,,,,,,,,,,
Dairy products,Chicago,41.8781 N,87.6298 W,2013,427,,,,,,,,,,,,,,,,,,
Education,Chicago,41.8781 N,87.6298 W,2013,2150,,,,,,,,,,,,,,,,,,
Entertainment,Chicago,41.8781 N,87.6298 W,2013,2644,,,,,,,,,,,,,,,,,,
Food away from home,Chicago,41.8781 N,87.6298 W,2013,2772,,,,,,,,,,,,,,,,,,
Fruits and vegetables,Chicago,41.8781 N,87.6298 W,2013,938,,,,,,,,,,,,,,,,,,
Healthcare,Chicago,41.8781 N,87.6298 W,2013,3982,,,,,,,,,,,,,,,,,,
Housing,Chicago,41.8781 N,87.6298 W,2013,20527,,,,,,,,,,,,,,,,,,
"Meats, poultry, fish, and eggs",Chicago,41.8781 N,87.6298 W,2013,973,,,,,,,,,,,,,,,,,,
Miscellaneous,Chicago,41.8781 N,87.6298 W,2013,801,,,,,,,,,,,,,,,,,,
Other food at home,Chicago,41.8781 N,87.6298 W,2013,1598,,,,,,,,,,,,,,,,,,
Personal care products and services,Chicago,41.8781 N,87.6298 W,2013,650,,,,,,,,,,,,,,,,,,
Personal insurance and pensions,Chicago,41.8781 N,87.6298 W,2013,6114,,,,,,,,,,,,,,,,,,
Reading,Chicago,41.8781 N,87.6298 W,2013,114,,,,,,,,,,,,,,,,,,
Tobacco products and smoking supplies,Chicago,41.8781 N,87.6298 W,2013,237,,,,,,,,,,,,,,,,,,
Transportation,Chicago,41.8781 N,87.6298 W,2013,9026,,,,,,,,,,,,,,,,,,
Alcoholic beverages,Chicago,41.8781 N,87.6298 W,2014,513,,,,,,,,,,,,,,,,,,
Apparel and services,Chicago,41.8781 N,87.6298 W,2014,2262,,,,,,,,,,,,,,,,,,
Cash contributions,Chicago,41.8781 N,87.6298 W,2014,1782,,,,,,,,,,,,,,,,,,
Cereals and bakery products,Chicago,41.8781 N,87.6298 W,2014,661,,,,,,,,,,,,,,,,,,
Dairy products,Chicago,41.8781 N,87.6298 W,2014,441,,,,,,,,,,,,,,,,,,
Education,Chicago,41.8781 N,87.6298 W,2014,1831,,,,,,,,,,,,,,,,,,
Entertainment,Chicago,41.8781 N,87.6298 W,2014,2781,,,,,,,,,,,,,,,,,,
Food away from home,Chicago,41.8781 N,87.6298 W,2014,2976,,,,,,,,,,,,,,,,,,
Fruits and vegetables,Chicago,41.8781 N,87.6298 W,2014,951,,,,,,,,,,,,,,,,,,
Healthcare,Chicago,41.8781 N,87.6298 W,2014,4511,,,,,,,,,,,,,,,,,,
Housing,Chicago,41.8781 N,87.6298 W,2014,21389,,,,,,,,,,,,,,,,,,
"Meats, poultry, fish, and eggs",Chicago,41.8781 N,87.6298 W,2014,1080,,,,,,,,,,,,,,,,,,
Miscellaneous,Chicago,41.8781 N,87.6298 W,2014,860,,,,,,,,,,,,,,,,,,
Other food at home,Chicago,41.8781 N,87.6298 W,2014,1652,,,,,,,,,,,,,,,,,,
Personal care products and services,Chicago,41.8781 N,87.6298 W,2014,772,,,,,,,,,,,,,,,,,,
Personal insurance and pensions,Chicago,41.8781 N,87.6298 W,2014,6826,,,,,,,,,,,,,,,,,,
Reading,Chicago,41.8781 N,87.6298 W,2014,106,,,,,,,,,,,,,,,,,,
Tobacco products and smoking supplies,Chicago,41.8781 N,87.6298 W,2014,284,,,,,,,,,,,,,,,,,,
Transportation,Chicago,41.8781 N,87.6298 W,2014,9237,,,,,,,,,,,,,,,,,,
Alcoholic beverages,Chicago,41.8781 N,87.6298 W,2015,630,,,,,,,,,,,,,,,,,,
Apparel and services,Chicago,41.8781 N,87.6298 W,2015,2283,,,,,,,,,,,,,,,,,,
Cash contributions,Chicago,41.8781 N,87.6298 W,2015,1632,,,,,,,,,,,,,,,,,,
Cereals and bakery products,Chicago,41.8781 N,87.6298 W,2015,595,,,,,,,,,,,,,,,,,,
Dairy products,Chicago,41.8781 N,87.6298 W,2015,453,,,,,,,,,,,,,,,,,,
Education,Chicago,41.8781 N,87.6298 W,2015,1795,,,,,,,,,,,,,,,,,,
Entertainment,Chicago,41.8781 N,87.6298 W,2015,3138,,,,,,,,,,,,,,,,,,
Food away from home,Chicago,41.8781 N,87.6298 W,2015,3339,,,,,,,,,,,,,,,,,,
Fruits and vegetables,Chicago,41.8781 N,87.6298 W,2015,917,,,,,,,,,,,,,,,,,,
Healthcare,Chicago,41.8781 N,87.6298 W,2015,4843,,,,,,,,,,,,,,,,,,
Housing,Chicago,41.8781 N,87.6298 W,2015,21964,,,,,,,,,,,,,,,,,,
"Meats, poultry, fish, and eggs",Chicago,41.8781 N,87.6298 W,2015,1043,,,,,,,,,,,,,,,,,,
Miscellaneous,Chicago,41.8781 N,87.6298 W,2015,957,,,,,,,,,,,,,,,,,,
Other food at home,Chicago,41.8781 N,87.6298 W,2015,1578,,,,,,,,,,,,,,,,,,
Personal care products and services,Chicago,41.8781 N,87.6298 W,2015,806,,,,,,,,,,,,,,,,,,
Personal insurance and pensions,Chicago,41.8781 N,87.6298 W,2015,7357,,,,,,,,,,,,,,,,,,
Reading,Chicago,41.8781 N,87.6298 W,2015,124,,,,,,,,,,,,,,,,,,
Tobacco products and smoking supplies,Chicago,41.8781 N,87.6298 W,2015,334,,,,,,,,,,,,,,,,,,
Transportation,Chicago,41.8781 N,87.6298 W,2015,9908,,,,,,,,,,,,,,,,,,
Alcoholic beverages,Chicago,41.8781 N,87.6298 W,2016,491,,,,,,,,,,,,,,,,,,
Apparel and services,Chicago,41.8781 N,87.6298 W,2016,2169,,,,,,,,,,,,,,,,,,
Cash contributions,Chicago,41.8781 N,87.6298 W,2016,1472,,,,,,,,,,,,,,,,,,
Cereals and bakery products,Chicago,41.8781 N,87.6298 W,2016,556,,,,,,,,,,,,,,,,,,
Dairy products,Chicago,41.8781 N,87.6298 W,2016,458,,,,,,,,,,,,,,,,,,
Education,Chicago,41.8781 N,87.6298 W,2016,1531,,,,,,,,,,,,,,,,,,
Entertainment,Chicago,41.8781 N,87.6298 W,2016,3484,,,,,,,,,,,,,,,,,,
Food away from home,Chicago,41.8781 N,87.6298 W,2016,3626,,,,,,,,,,,,,,,,,,
Fruits and vegetables,Chicago,41.8781 N,87.6298 W,2016,967,,,,,,,,,,,,,,,,,,
Healthcare,Chicago,41.8781 N,87.6298 W,2016,4776,,,,,,,,,,,,,,,,,,
Housing,Chicago,41.8781 N,87.6298 W,2016,21644,,,,,,,,,,,,,,,,,,
"Meats, poultry, fish, and eggs",Chicago,41.8781 N,87.6298 W,2016,947,,,,,,,,,,,,,,,,,,
Miscellaneous,Chicago,41.8781 N,87.6298 W,2016,807,,,,,,,,,,,,,,,,,,
Other food at home,Chicago,41.8781 N,87.6298 W,2016,1562,,,,,,,,,,,,,,,,,,
Personal care products and services,Chicago,41.8781 N,87.6298 W,2016,756,,,,,,,,,,,,,,,,,,
Personal insurance and pensions,Chicago,41.8781 N,87.6298 W,2016,6955,,,,,,,,,,,,,,,,,,
Reading,Chicago,41.8781 N,87.6298 W,2016,116,,,,,,,,,,,,,,,,,,
Tobacco products and smoking supplies,Chicago,41.8781 N,87.6298 W,2016,310,,,,,,,,,,,,,,,,,,
Transportation,Chicago,41.8781 N,87.6298 W,2016,9021,,,,,,,,,,,,,,,,,,
Alcoholic beverages,Chicago,41.8781 N,87.6298 W,2017,509,,,,,,,,,,,,,,,,,,
Apparel and services,Chicago,41.8781 N,87.6298 W,2017,1987,,,,,,,,,,,,,,,,,,
Cash contributions,Chicago,41.8781 N,87.6298 W,2017,1685,,,,,,,,,,,,,,,,,,
Cereals and bakery products,Chicago,41.8781 N,87.6298 W,2017,539,,,,,,,,,,,,,,,,,,
Dairy products,Chicago,41.8781 N,87.6298 W,2017,453,,,,,,,,,,,,,,,,,,
Education,Chicago,41.8781 N,87.6298 W,2017,1673,,,,,,,,,,,,,,,,,,
Entertainment,Chicago,41.8781 N,87.6298 W,2017,3328,,,,,,,,,,,,,,,,,,
Food away from home,Chicago,41.8781 N,87.6298 W,2017,3652,,,,,,,,,,,,,,,,,,
Fruits and vegetables,Chicago,41.8781 N,87.6298 W,2017,954,,,,,,,,,,,,,,,,,,
Healthcare,Chicago,41.8781 N,87.6298 W,2017,5154,,,,,,,,,,,,,,,,,,
Housing,Chicago,41.8781 N,87.6298 W,2017,21254,,,,,,,,,,,,,,,,,,
"Meats, poultry, fish, and eggs",Chicago,41.8781 N,87.6298 W,2017,977,,,,,,,,,,,,,,,,,,
Miscellaneous,Chicago,41.8781 N,87.6298 W,2017,1034,,,,,,,,,,,,,,,,,,
Other food at home,Chicago,41.8781 N,87.6298 W,2017,1595,,,,,,,,,,,,,,,,,,
Personal care products and services,Chicago,41.8781 N,87.6298 W,2017,958,,,,,,,,,,,,,,,,,,
Personal insurance and pensions,Chicago,41.8781 N,87.6298 W,2017,6768,,,,,,,,,,,,,,,,,,
Reading,Chicago,41.8781 N,87.6298 W,2017,129,,,,,,,,,,,,,,,,,,
Tobacco products and smoking supplies,Chicago,41.8781 N,87.6298 W,2017,216,,,,,,,,,,,,,,,,,,
Transportation,Chicago,41.8781 N,87.6298 W,2017,7717,,,,,,,,,,,,,,,,,,
Alcoholic beverages,Chicago,41.8781 N,87.6298 W,2018,657,,,,,,,,,,,,,,,,,,
Apparel and services,Chicago,41.8781 N,87.6298 W,2018,2017,,,,,,,,,,,,,,,,,,
Cash contributions,Chicago,41.8781 N,87.6298 W,2018,1597,,,,,,,,,,,,,,,,,,
Cereals and bakery products,Chicago,41.8781 N,87.6298 W,2018,575,,,,,,,,,,,,,,,,,,
Dairy products,Chicago,41.8781 N,87.6298 W,2018,467,,,,,,,,,,,,,,,,,,
Education,Chicago,41.8781 N,87.6298 W,2018,1968,,,,,,,,,,,,,,,,,,
Entertainment,Chicago,41.8781 N,87.6298 W,2018,2863,,,,,,,,,,,,,,,,,,
Food away from home,Chicago,41.8781 N,87.6298 W,2018,3720,,,,,,,,,,,,,,,,,,
Fruits and vegetables,Chicago,41.8781 N,87.6298 W,2018,983,,,,,,,,,,,,,,,,,,
Healthcare,Chicago,41.8781 N,87.6298 W,2018,5476,,,,,,,,,,,,,,,,,,
Housing,Chicago,41.8781 N,87.6298 W,2018,22501,,,,,,,,,,,,,,,,,,
"Meats, poultry, fish, and eggs",Chicago,41.8781 N,87.6298 W,2018,1070,,,,,,,,,,,,,,,,,,
Miscellaneous,Chicago,41.8781 N,87.6298 W,2018,1003,,,,,,,,,,,,,,,,,,
Other food at home,Chicago,41.8781 N,87.6298 W,2018,1666,,,,,,,,,,,,,,,,,,
Personal care products and services,Chicago,41.8781 N,87.6298 W,2018,1056,,,,,,,,,,,,,,,,,,
Personal insurance and pensions,Chicago,41.8781 N,87.6298 W,2018,7322,,,,,,,,,,,,,,,,,,
Reading,Chicago,41.8781 N,87.6298 W,2018,156,,,,,,,,,,,,,,,,,,
Tobacco products and smoking supplies,Chicago,41.8781 N,87.6298 W,2018,186,,,,,,,,,,,,,,,,,,
Transportation,Chicago,41.8781 N,87.6298 W,2018,8443,,,,,,,,,,,,,,,,,,
Alcoholic beverages,Chicago,41.8781 N,87.6298 W,2019,653,,,,,,,,,,,,,,,,,,
Apparel and services,Chicago,41.8781 N,87.6298 W,2019,1873,,,,,,,,,,,,,,,,,,
Cash contributions,Chicago,41.8781 N,87.6298 W,2019,1246,,,,,,,,,,,,,,,,,,
Cereals and bakery products,Chicago,41.8781 N,87.6298 W,2019,653,,,,,,,,,,,,,,,,,,
Dairy products,Chicago,41.8781 N,87.6298 W,2019,489,,,,,,,,,,,,,,,,,,
Education,Chicago,41.8781 N,87.6298 W,2019,1711,,,,,,,,,,,,,,,,,,
Entertainment,Chicago,41.8781 N,87.6298 W,2019,2796,,,,,,,,,,,,,,,,,,
Food away from home,Chicago,41.8781 N,87.6298 W,2019,3822,,,,,,,,,,,,,,,,,,
Fruits and vegetables,Chicago,41.8781 N,87.6298 W,2019,1071,,,,,,,,,,,,,,,,,,
Healthcare,Chicago,41.8781 N,87.6298 W,2019,5504,,,,,,,,,,,,,,,,,,
Housing,Chicago,41.8781 N,87.6298 W,2019,23677,,,,,,,,,,,,,,,,,,
"Meats, poultry, fish, and eggs",Chicago,41.8781 N,87.6298 W,2019,1079,,,,,,,,,,,,,,,,,,
Miscellaneous,Chicago,41.8781 N,87.6298 W,2019,609,,,,,,,,,,,,,,,,,,
Other food at home,Chicago,41.8781 N,87.6298 W,2019,1777,,,,,,,,,,,,,,,,,,
Personal care products and services,Chicago,41.8781 N,87.6298 W,2019,871,,,,,,,,,,,,,,,,,,
Personal insurance and pensions,Chicago,41.8781 N,87.6298 W,2019,7520,,,,,,,,,,,,,,,,,,
Reading,Chicago,41.8781 N,87.6298 W,2019,110,,,,,,,,,,,,,,,,,,
Tobacco products and smoking supplies,Chicago,41.8781 N,87.6298 W,2019,258,,,,,,,,,,,,,,,,,,
Transportation,Chicago,41.8781 N,87.6298 W,2019,9084,,,,,,,,,,,,,,,,,,
Alcoholic beverages,Chicago,41.8781 N,87.6298 W,2020,504,,,,,,,,,,,,,,,,,,
Apparel and services,Chicago,41.8781 N,87.6298 W,2020,1755,,,,,,,,,,,,,,,,,,
Cash contributions,Chicago,41.8781 N,87.6298 W,2020,1172,,,,,,,,,,,,,,,,,,
Cereals and bakery products,Chicago,41.8781 N,87.6298 W,2020,724,,,,,,,,,,,,,,,,,,
Dairy products,Chicago,41.8781 N,87.6298 W,2020,504,,,,,,,,,,,,,,,,,,
Education,Chicago,41.8781 N,87.6298 W,2020,1459,,,,,,,,,,,,,,,,,,
Entertainment,Chicago,41.8781 N,87.6298 W,2020,2647,,,,,,,,,,,,,,,,,,
Food away from home,Chicago,41.8781 N,87.6298 W,2020,3108,,,,,,,,,,,,,,,,,,
Fruits and vegetables,Chicago,41.8781 N,87.6298 W,2020,1140,,,,,,,,,,,,,,,,,,
Healthcare,Chicago,41.8781 N,87.6298 W,2020,5628,,,,,,,,,,,,,,,,,,
Housing,Chicago,41.8781 N,87.6298 W,2020,23757,,,,,,,,,,,,,,,,,,
"Meats, poultry, fish, and eggs",Chicago,41.8781 N,87.6298 W,2020,1155,,,,,,,,,,,,,,,,,,
Miscellaneous,Chicago,41.8781 N,87.6298 W,2020,594,,,,,,,,,,,,,,,,,,
Other food at home,Chicago,41.8781 N,87.6298 W,2020,2119,,,,,,,,,,,,,,,,,,
Personal care products and services,Chicago,41.8781 N,87.6298 W,2020,803,,,,,,,,,,,,,,,,,,
Personal insurance and pensions,Chicago,41.8781 N,87.6298 W,2020,6984,,,,,,,,,,,,,,,,,,
Reading,Chicago,41.8781 N,87.6298 W,2020,88,,,,,,,,,,,,,,,,,,
Tobacco products and smoking supplies,Chicago,41.8781 N,87.6298 W,2020,259,,,,,,,,,,,,,,,,,,
Transportation,Chicago,41.8781 N,87.6298 W,2020,8852,,,,,,,,,,,,,,,,,,
Alcoholic beverages,Chicago,41.8781 N,87.6298 W,2021,589,,,,,,,,,,,,,,,,,,
Apparel and services,Chicago,41.8781 N,87.6298 W,2021,2198,,,,,,,,,,,,,,,,,,
Cash contributions,Chicago,41.8781 N,87.6298 W,2021,1195,,,,,,,,,,,,,,,,,,
Cereals and bakery products,Chicago,41.8781 N,87.6298 W,2021,712,,,,,,,,,,,,,,,,,,
Dairy products,Chicago,41.8781 N,87.6298 W,2021,460,,,,,,,,,,,,,,,,,,
Education,Chicago,41.8781 N,87.6298 W,2021,1566,,,,,,,,,,,,,,,,,,
Entertainment,Chicago,41.8781 N,87.6298 W,2021,2981,,,,,,,,,,,,,,,,,,
Food away from home,Chicago,41.8781 N,87.6298 W,2021,3036,,,,,,,,,,,,,,,,,,
Fruits and vegetables,Chicago,41.8781 N,87.6298 W,2021,1107,,,,,,,,,,,,,,,,,,
Healthcare,Chicago,41.8781 N,87.6298 W,2021,5768,,,,,,,,,,,,,,,,,,
Housing,Chicago,41.8781 N,87.6298 W,2021,24941,,,,,,,,,,,,,,,,,,
"Meats, poultry, fish, and eggs",Chicago,41.8781 N,87.6298 W,2021,1188,,,,,,,,,,,,,,,,,,
Miscellaneous,Chicago,41.8781 N,87.6298 W,2021,810,,,,,,,,,,,,,,,,,,
Other food at home,Chicago,41.8781 N,87.6298 W,2021,2174,,,,,,,,,,,,,,,,,,
Personal care products and services,Chicago,41.8781 N,87.6298 W,2021,887,,,,,,,,,,,,,,,,,,
Personal insurance and pensions,Chicago,41.8781 N,87.6298 W,2021,7595,,,,,,,,,,,,,,,,,,
Reading,Chicago,41.8781 N,87.6298 W,2021,107,,,,,,,,,,,,,,,,,,
Tobacco products and smoking supplies,Chicago,41.8781 N,87.6298 W,2021,333,,,,,,,,,,,,,,,,,,
Transportation,Chicago,41.8781 N,87.6298 W,2021,9255,,,,,,,,,,,,,,,,,,
Alcoholic beverages,Chicago,41.8781 N,87.6298 W,2022,907,,,,,,,,,,,,,,,,,,
Apparel and services,Chicago,41.8781 N,87.6298 W,2022,2534,,,,,,,,,,,,,,,,,,
Cash contributions,Chicago,41.8781 N,87.6298 W,2022,1474,,,,,,,,,,,,,,,,,,
Cereals and bakery products,Chicago,41.8781 N,87.6298 W,2022,719,,,,,,,,,,,,,,,,,,
Dairy products,Chicago,41.8781 N,87.6298 W,2022,492,,,,,,,,,,,,,,,,,,
Education,Chicago,41.8781 N,87.6298 W,2022,1686,,,,,,,,,,,,,,,,,,
Entertainment,Chicago,41.8781 N,87.6298 W,2022,3624,,,,,,,,,,,,,,,,,,
Food away from home,Chicago,41.8781 N,87.6298 W,2022,3741,,,,,,,,,,,,,,,,,,
Fruits and vegetables,Chicago,41.8781 N,87.6298 W,2022,1115,,,,,,,,,,,,,,,,,,
Healthcare,Chicago,41.8781 N,87.6298 W,2022,5946,,,,,,,,,,,,,,,,,,
Housing,Chicago,41.8781 N,87.6298 W,2022,27212,,,,,,,,,,,,,,,,,,
"Meats, poultry, fish, and eggs",Chicago,41.8781 N,87.6298 W,2022,1269,,,,,,,,,,,,,,,,,,
Miscellaneous,Chicago,41.8781 N,87.6298 W,2022,998,,,,,,,,,,,,,,,,,,
Other food at home,Chicago,41.8781 N,87.6298 W,2022,2035,,,,,,,,,,,,,,,,,,
Personal care products and services,Chicago,41.8781 N,87.6298 W,2022,1059,,,,,,,,,,,,,,,,,,
Personal insurance and pensions,Chicago,41.8781 N,87.6298 W,2022,9319,,,,,,,,,,,,,,,,,,
Reading,Chicago,41.8781 N,87.6298 W,2022,125,,,,,,,,,,,,,,,,,,
Tobacco products and smoking supplies,Chicago,41.8781 N,87.6298 W,2022,441,,,,,,,,,,,,,,,,,,
Transportation,Chicago,41.8781 N,87.6298 W,2022,9569,,,,,,,,,,,,,,,,,,
Alcoholic beverages,Los Angeles,34.0522 N,118.2437 W,2005,485,,,,,,,,,,,,,,,,,,
Apparel and services,Los Angeles,34.0522 N,118.2437 W,2005,2386,,,,,,,,,,,,,,,,,,
Cash contributions,Los Angeles,34.0522 N,118.2437 W,2005,1272,,,,,,,,,,,,,,,,,,
Cereals and bakery products,Los Angeles,34.0522 N,118.2437 W,2005,492,,,,,,,,,,,,,,,,,,
Dairy products,Los Angeles,34.0522 N,118.2437 W,2005,411,,,,,,,,,,,,,,,,,,
Education,Los Angeles,34.0522 N,118.2437 W,2005,960,,,,,,,,,,,,,,,,,,
Entertainment,Los Angeles,34.0522 N,118.2437 W,2005,2719,,,,,,,,,,,,,,,,,,
Food away from home,Los Angeles,34.0522 N,118.2437 W,2005,3185,,,,,,,,,,,,,,,,,,
Fruits and vegetables,Los Angeles,34.0522 N,118.2437 W,2005,749,,,,,,,,,,,,,,,,,,
Healthcare,Los Angeles,34.0522 N,118.2437 W,2005,2275,,,,,,,,,,,,,,,,,,
Housing,Los Angeles,34.0522 N,118.2437 W,2005,19911,,,,,,,,,,,,,,,,,,
"Meats, poultry, fish, and eggs",Los Angeles,34.0522 N,118.2437 W,2005,976,,,,,,,,,,,,,,,,,,
Miscellaneous,Los Angeles,34.0522 N,118.2437 W,2005,848,,,,,,,,,,,,,,,,,,
Other food at home,Los Angeles,34.0522 N,118.2437 W,2005,1248,,,,,,,,,,,,,,,,,,
Personal care products and services,Los Angeles,34.0522 N,118.2437 W,2005,798,,,,,,,,,,,,,,,,,,
Personal insurance and pensions,Los Angeles,34.0522 N,118.2437 W,2005,5736,,,,,,,,,,,,,,,,,,
Reading,Los Angeles,34.0522 N,118.2437 W,2005,158,,,,,,,,,,,,,,,,,,
Tobacco products and smoking supplies,Los Angeles,34.0522 N,118.2437 W,2005,179,,,,,,,,,,,,,,,,,,
Transportation,Los Angeles,34.0522 N,118.2437 W,2005,10972,,,,,,,,,,,,,,,,,,
Alcoholic beverages,Los Angeles,34.0522 N,118.2437 W,2006,475,,,,,,,,,,,,,,,,,,
Apparel and services,Los Angeles,34.0522 N,118.2437 W,2006,2396,,,,,,,,,,,,,,,,,,
Cash contributions,Los Angeles,34.0522 N,118.2437 W,2006,1710,,,,,,,,,,,,,,,,,,
Cereals and bakery products,Los Angeles,34.0522 N,118.2437 W,2006,470,,,,,,,,,,,,,,,,,,
Dairy products,Los Angeles,34.0522 N,118.2437 W,2006,395,,,,,,,,,,,,,,,,,,
Education,Los Angeles,34.0522 N,118.2437 W,2006,1127,,,,,,,,,,,,,,,,,,
Entertainment,Los Angeles,34.0522 N,118.2437 W,2006,2743,,,,,,,,,,,,,,,,,,
Food away from home,Los Angeles,34.0522 N,118.2437 W,2006,3349,,,,,,,,,,,,,,,,,,
Fruits and vegetables,Los Angeles,34.0522 N,118.2437 W,2006,795,,,,,,,,,,,,,,,,,,
Healthcare,Los Angeles,34.0522 N,118.2437 W,2006,2316,,,,,,,,,,,,,,,,,,
Housing,Los Angeles,34.0522 N,118.2437 W,2006,21190,,,,,,,,,,,,,,,,,,
"Meats, poultry, fish, and eggs",Los Angeles,34.0522 N,118.2437 W,2006,914,,,,,,,,,,,,,,,,,,
Miscellaneous,Los Angeles,34.0522 N,118.2437 W,2006,1014,,,,,,,,,,,,,,,,,,
Other food at home,Los Angeles,34.0522 N,118.2437 W,2006,1297,,,,,,,,,,,,,,,,,,
Personal care products and services,Los Angeles,34.0522 N,118.2437 W,2006,815,,,,,,,,,,,,,,,,,,
Personal insurance and pensions,Los Angeles,34.0522 N,118.2437 W,2006,6340,,,,,,,,,,,,,,,,,,
Reading,Los Angeles,34.0522 N,118.2437 W,2006,141,,,,,,,,,,,,,,,,,,
Tobacco products and smoking supplies,Los Angeles,34.0522 N,118.2437 W,2006,199,,,,,,,,,,,,,,,,,,
Transportation,Los Angeles,34.0522 N,118.2437 W,2006,10716,,,,,,,,,,,,,,,,,,
Alcoholic beverages,Los Angeles,34.0522 N,118.2437 W,2007,543,,,,,,,,,,,,,,,,,,
Apparel and services,Los Angeles,34.0522 N,118.2437 W,2007,2383,,,,,,,,,,,,,,,,,,
Cash contributions,Los Angeles,34.0522 N,118.2437 W,2007,2652,,,,,,,,,,,,,,,,,,
Cereals and bakery products,Los Angeles,34.0522 N,118.2437 W,2007,494,,,,,,,,,,,,,,,,,,
Dairy products,Los Angeles,34.0522 N,118.2437 W,2007,416,,,,,,,,,,,,,,,,,,
Education,Los Angeles,34.0522 N,118.2437 W,2007,1298,,,,,,,,,,,,,,,,,,
Entertainment,Los Angeles,34.0522 N,118.2437 W,2007,2790,,,,,,,,,,,,,,,,,,
Food away from home,Los Angeles,34.0522 N,118.2437 W,2007,3528,,,,,,,,,,,,,,,,,,
Fruits and vegetables,Los Angeles,34.0522 N,118.2437 W,2007,879,,,,,,,,,,,,,,,,,,
Healthcare,Los Angeles,34.0522 N,118.2437 W,2007,2324,,,,,,,,,,,,,,,,,,
Housing,Los Angeles,34.0522 N,118.2437 W,2007,22336,,,,,,,,,,,,,,,,,,
"Meats, poultry, fish, and eggs",Los Angeles,34.0522 N,118.2437 W,2007,1026,,,,,,,,,,,,,,,,,,
Miscellaneous,Los Angeles,34.0522 N,118.2437 W,2007,1141,,,,,,,,,,,,,,,,,,
Other food at home,Los Angeles,34.0522 N,118.2437 W,2007,1442,,,,,,,,,,,,,,,,,,
Personal care products and services,Los Angeles,34.0522 N,118.2437 W,2007,776,,,,,,,,,,,,,,,,,,
Personal insurance and pensions,Los Angeles,34.0522 N,118.2437 W,2007,6439,,,,,,,,,,,,,,,,,,
Reading,Los Angeles,34.0522 N,118.2437 W,2007,126,,,,,,,,,,,,,,,,,,
Tobacco products and smoking supplies,Los Angeles,34.0522 N,118.2437 W,2007,199,,,,,,,,,,,,,,,,,,
Transportation,Los Angeles,34.0522 N,118.2437 W,2007,10141,,,,,,,,,,,,,,,,,,
Alcoholic beverages,Los Angeles,34.0522 N,118.2437 W,2008,515,,,,,,,,,,,,,,,,,,
Apparel and services,Los Angeles,34.0522 N,118.2437 W,2008,2026,,,,,,,,,,,,,,,,,,
Cash contributions,Los Angeles,34.0522 N,118.2437 W,2008,2356,,,,,,,,,,,,,,,,,,
Cereals and bakery products,Los Angeles,34.0522 N,118.2437 W,2008,502,,,,,,,,,,,,,,,,,,
Dairy products,Los Angeles,34.0522 N,118.2437 W,2008,437,,,,,,,,,,,,,,,,,,
Education,Los Angeles,34.0522 N,118.2437 W,2008,1117,,,,,,,,,,,,,,,,,,
Entertainment,Los Angeles,34.0522 N,118.2437 W,2008,2782,,,,,,,,,,,,,,,,,,
Food away from home,Los Angeles,34.0522 N,118.2437 W,2008,3343,,,,,,,,,,,,,,,,,,
Fruits and vegetables,Los Angeles,34.0522 N,118.2437 W,2008,881,,,,,,,,,,,,,,,,,,
Healthcare,Los Angeles,34.0522 N,118.2437 W,2008,2512,,,,,,,,,,,,,,,,,,
Housing,Los Angeles,34.0522 N,118.2437 W,2008,22645,,,,,,,,,,,,,,,,,,
"Meats, poultry, fish, and eggs",Los Angeles,34.0522 N,118.2437 W,2008,1023,,,,,,,,,,,,,,,,,,
Miscellaneous,Los Angeles,34.0522 N,118.2437 W,2008,1110,,,,,,,,,,,,,,,,,,
Other food at home,Los Angeles,34.0522 N,118.2437 W,2008,1455,,,,,,,,,,,,,,,,,,
Personal care products and services,Los Angeles,34.0522 N,118.2437 W,2008,752,,,,,,,,,,,,,,,,,,
Personal insurance and pensions,Los Angeles,34.0522 N,118.2437 W,2008,6148,,,,,,,,,,,,,,,,,,
Reading,Los Angeles,34.0522 N,118.2437 W,2008,123,,,,,,,,,,,,,,,,,,
Tobacco products and smoking supplies,Los Angeles,34.0522 N,118.2437 W,2008,178,,,,,,,,,,,,,,,,,,
Transportation,Los Angeles,34.0522 N,118.2437 W,2008,9227,,,,,,,,,,,,,,,,,,
Alcoholic beverages,Los Angeles,34.0522 N,118.2437 W,2009,504,,,,,,,,,,,,,,,,,,
Apparel and services,Los Angeles,34.0522 N,118.2437 W,2009,2140,,,,,,,,,,,,,,,,,,
Cash contributions,Los Angeles,34.0522 N,118.2437 W,2009,1659,,,,,,,,,,,,,,,,,,
Cereals and bakery products,Los Angeles,34.0522 N,118.2437 W,2009,511,,,,,,,,,,,,,,,,,,
Dairy products,Los Angeles,34.0522 N,118.2437 W,2009,438,,,,,,,,,,,,,,,,,,
Education,Los Angeles,34.0522 N,118.2437 W,2009,895,,,,,,,,,,,,,,,,,,
Entertainment,Los Angeles,34.0522 N,118.2437 W,2009,2599,,,,,,,,,,,,,,,,,,
Food away from home,Los Angeles,34.0522 N,118.2437 W,2009,3271,,,,,,,,,,,,,,,,,,
Fruits and vegetables,Los Angeles,34.0522 N,118.2437 W,2009,864,,,,,,,,,,,,,,,,,,
Healthcare,Los Angeles,34.0522 N,118.2437 W,2009,2620,,,,,,,,,,,,,,,,,,
Housing,Los Angeles,34.0522 N,118.2437 W,2009,21811,,,,,,,,,,,,,,,,,,
"Meats, poultry, fish, and eggs",Los Angeles,34.0522 N,118.2437 W,2009,996,,,,,,,,,,,,,,,,,,
Miscellaneous,Los Angeles,34.0522 N,118.2437 W,2009,909,,,,,,,,,,,,,,,,,,
Other food at home,Los Angeles,34.0522 N,118.2437 W,2009,1451,,,,,,,,,,,,,,,,,,
Personal care products and services,Los Angeles,34.0522 N,118.2437 W,2009,710,,,,,,,,,,,,,,,,,,
Personal insurance and pensions,Los Angeles,34.0522 N,118.2437 W,2009,6058,,,,,,,,,,,,,,,,,,
Reading,Los Angeles,34.0522 N,118.2437 W,2009,108,,,,,,,,,,,,,,,,,,
Tobacco products and smoking supplies,Los Angeles,34.0522 N,118.2437 W,2009,202,,,,,,,,,,,,,,,,,,
Transportation,Los Angeles,34.0522 N,118.2437 W,2009,8784,,,,,,,,,,,,,,,,,,
Alcoholic beverages,Los Angeles,34.0522 N,118.2437 W,2010,491,,,,,,,,,,,,,,,,,,
Apparel and services,Los Angeles,34.0522 N,118.2437 W,2010,2340,,,,,,,,,,,,,,,,,,
Cash contributions,Los Angeles,34.0522 N,118.2437 W,2010,1550,,,,,,,,,,,,,,,,,,
Cereals and bakery products,Los Angeles,34.0522 N,118.2437 W,2010,489,,,,,,,,,,,,,,,,,,
Dairy products,Los Angeles,34.0522 N,118.2437 W,2010,388,,,,,,,,,,,,,,,,,,
Education,Los Angeles,34.0522 N,118.2437 W,2010,1112,,,,,,,,,,,,,,,,,,
Entertainment,Los Angeles,34.0522 N,118.2437 W,2010,2416,,,,,,,,,,,,,,,,,,
Food away from home,Los Angeles,34.0522 N,118.2437 W,2010,3240,,,,,,,,,,,,,,,,,,
Fruits and vegetables,Los Angeles,34.0522 N,118.2437 W,2010,828,,,,,,,,,,,,,,,,,,
Healthcare,Los Angeles,34.0522 N,118.2437 W,2010,2478,,,,,,,,,,,,,,,,,,
Housing,Los Angeles,34.0522 N,118.2437 W,2010,20584,,,,,,,,,,,,,,,,,,
"Meats, poultry, fish, and eggs",Los Angeles,34.0522 N,118.2437 W,2010,883,,,,,,,,,,,,,,,,,,
Miscellaneous,Los Angeles,34.0522 N,118.2437 W,2010,804,,,,,,,,,,,,,,,,,,
Other food at home,Los Angeles,34.0522 N,118.2437 W,2010,1353,,,,,,,,,,,,,,,,,,
Personal care products and services,Los Angeles,34.0522 N,118.2437 W,2010,646,,,,,,,,,,,,,,,,,,
Personal insurance and pensions,Los Angeles,34.0522 N,118.2437 W,2010,6145,,,,,,,,,,,,,,,,,,
Reading,Los Angeles,34.0522 N,118.2437 W,2010,92,,,,,,,,,,,,,,,,,,
Tobacco products and smoking supplies,Los Angeles,34.0522 N,118.2437 W,2010,196,,,,,,,,,,,,,,,,,,
Transportation,Los Angeles,34.0522 N,118.2437 W,2010,8540,,,,,,,,,,,,,,,,,,
Alcoholic beverages,Los Angeles,34.0522 N,118.2437 W,2011,611,,,,,,,,,,,,,,,,,,
Apparel and services,Los Angeles,34.0522 N,118.2437 W,2011,2234,,,,,,,,,,,,,,,,,,
Cash contributions,Los Angeles,34.0522 N,118.2437 W,2011,1308,,,,,,,,,,,,,,,,,,
Cereals and bakery products,Los Angeles,34.0522 N,118.2437 W,2011,497,,,,,,,,,,,,,,,,,,
Dairy products,Los Angeles,34.0522 N,118.2437 W,2011,401,,,,,,,,,,,,,,,,,,
Education,Los Angeles,34.0522 N,118.2437 W,2011,1388,,,,,,,,,,,,,,,,,,
Entertainment,Los Angeles,34.0522 N,118.2437 W,2011,2343,,,,,,,,,,,,,,,,,,
Food away from home,Los Angeles,34.0522 N,118.2437 W,2011,3189,,,,,,,,,,,,,,,,,,
Fruits and vegetables,Los Angeles,34.0522 N,118.2437 W,2011,856,,,,,,,,,,,,,,,,,,
Healthcare,Los Angeles,34.0522 N,118.2437 W,2011,2475,,,,,,,,,,,,,,,,,,
Housing,Los Angeles,34.0522 N,118.2437 W,2011,20435,,,,,,,,,,,,,,,,,,
"Meats, poultry, fish, and eggs",Los Angeles,34.0522 N,118.2437 W,2011,903,,,,,,,,,,,,,,,,,,
Miscellaneous,Los Angeles,34.0522 N,118.2437 W,2011,731,,,,,,,,,,,,,,,,,,
Other food at home,Los Angeles,34.0522 N,118.2437 W,2011,1302,,,,,,,,,,,,,,,,,,
Personal care products and services,Los Angeles,34.0522 N,118.2437 W,2011,712,,,,,,,,,,,,,,,,,,
Personal insurance and pensions,Los Angeles,34.0522 N,118.2437 W,2011,5896,,,,,,,,,,,,,,,,,,
Reading,Los Angeles,34.0522 N,118.2437 W,2011,95,,,,,,,,,,,,,,,,,,
Tobacco products and smoking supplies,Los Angeles,34.0522 N,118.2437 W,2011,160,,,,,,,,,,,,,,,,,,
Transportation,Los Angeles,34.0522 N,118.2437 W,2011,8784,,,,,,,,,,,,,,,,,,
Alcoholic beverages,Los Angeles,34.0522 N,118.2437 W,2012,613,,,,,,,,,,,,,,,,,,
Apparel and services,Los Angeles,34.0522 N,118.2437 W,2012,2150,,,,,,,,,,,,,,,,,,
Cash contributions,Los Angeles,34.0522 N,118.2437 W,2012,1279,,,,,,,,,,,,,,,,,,
Cereals and bakery products,Los Angeles,34.0522 N,118.2437 W,2012,542,,,,,,,,,,,,,,,,,,
Dairy products,Los Angeles,34.0522 N,118.2437 W,2012,456,,,,,,,,,,,,,,,,,,
Education,Los Angeles,34.0522 N,118.2437 W,2012,1471,,,,,,,,,,,,,,,,,,
Entertainment,Los Angeles,34.0522 N,118.2437 W,2012,2395,,,,,,,,,,,,,,,,,,
Food away from home,Los Angeles,34.0522 N,118.2437 W,2012,3166,,,,,,,,,,,,,,,,,,
Fruits and vegetables,Los Angeles,34.0522 N,118.2437 W,2012,922,,,,,,,,,,,,,,,,,,
Healthcare,Los Angeles,34.0522 N,118.2437 W,2012,2707,,,,,,,,,,,,,,,,,,
Housing,Los Angeles,34.0522 N,118.2437 W,2012,20854,,,,,,,,,,,,,,,,,,
"Meats, poultry, fish, and eggs",Los Angeles,34.0522 N,118.2437 W,2012,989,,,,,,,,,,,,,,,,,,
Miscellaneous,Los Angeles,34.0522 N,118.2437 W,2012,915,,,,,,,,,,,,,,,,,,
Other food at home,Los Angeles,34.0522 N,118.2437 W,2012,1428,,,,,,,,,,,,,,,,,,
Personal care products and services,Los Angeles,34.0522 N,118.2437 W,2012,732,,,,,,,,,,,,,,,,,,
Personal insurance and pensions,Los Angeles,34.0522 N,118.2437 W,2012,5616,,,,,,,,,,,,,,,,,,
Reading,Los Angeles,34.0522 N,118.2437 W,2012,95,,,,,,,,,,,,,,,,,,
Tobacco products and smoking supplies,Los Angeles,34.0522 N,118.2437 W,2012,149,,,,,,,,,,,,,,,,,,
Transportation,Los Angeles,34.0522 N,118.2437 W,2012,8835,,,,,,,,,,,,,,,,,,
Alcoholic beverages,Los Angeles,34.0522 N,118.2437 W,2013,478,,,,,,,,,,,,,,,,,,
Apparel and services,Los Angeles,34.0522 N,118.2437 W,2013,2053,,,,,,,,,,,,,,,,,,
Cash contributions,Los Angeles,34.0522 N,118.2437 W,2013,1251,,,,,,,,,,,,,,,,,,
Cereals and bakery products,Los Angeles,34.0522 N,118.2437 W,2013,569,,,,,,,,,,,,,,,,,,
Dairy products,Los Angeles,34.0522 N,118.2437 W,2013,470,,,,,,,,,,,,,,,,,,
Education,Los Angeles,34.0522 N,118.2437 W,2013,1594,,,,,,,,,,,,,,,,,,
Entertainment,Los Angeles,34.0522 N,118.2437 W,2013,2504,,,,,,,,,,,,,,,,,,
Food away from home,Los Angeles,34.0522 N,118.2437 W,2013,3056,,,,,,,,,,,,,,,,,,
Fruits and vegetables,Los Angeles,34.0522 N,118.2437 W,2013,951,,,,,,,,,,,,,,,,,,
Healthcare,Los Angeles,34.0522 N,118.2437 W,2013,2859,,,,,,,,,,,,,,,,,,
Housing,Los Angeles,34.0522 N,118.2437 W,2013,21353,,,,,,,,,,,,,,,,,,
"Meats, poultry, fish, and eggs",Los Angeles,34.0522 N,118.2437 W,2013,992,,,,,,,,,,,,,,,,,,
Miscellaneous,Los Angeles,34.0522 N,118.2437 W,2013,767,,,,,,,,,,,,,,,,,,
Other food at home,Los Angeles,34.0522 N,118.2437 W,2013,1472,,,,,,,,,,,,,,,,,,
Personal care products and services,Los Angeles,34.0522 N,118.2437 W,2013,753,,,,,,,,,,,,,,,,,,
Personal insurance and pensions,Los Angeles,34.0522 N,118.2437 W,2013,5881,,,,,,,,,,,,,,,,,,
Reading,Los Angeles,34.0522 N,118.2437 W,2013,86,,,,,,,,,,,,,,,,,,
Tobacco products and smoking supplies,Los Angeles,34.0522 N,118.2437 W,2013,163,,,,,,,,,,,,,,,,,,
Transportation,Los Angeles,34.0522 N,118.2437 W,2013,8599,,,,,,,,,,,,,,,,,,
Alcoholic beverages,Los Angeles,34.0522 N,118.2437 W,2014,478,,,,,,,,,,,,,,,,,,
Apparel and services,Los Angeles,34.0522 N,118.2437 W,2014,1920,,,,,,,,,,,,,,,,,,
Cash contributions,Los Angeles,34.0522 N,118.2437 W,2014,1291,,,,,,,,,,,,,,,,,,
Cereals and bakery products,Los Angeles,34.0522 N,118.2437 W,2014,507,,,,,,,,,,,,,,,,,,
Dairy products,Los Angeles,34.0522 N,118.2437 W,2014,425,,,,,,,,,,,,,,,,,,
Education,Los Angeles,34.0522 N,118.2437 W,2014,1601,,,,,,,,,,,,,,,,,,
Entertainment,Los Angeles,34.0522 N,118.2437 W,2014,2427,,,,,,,,,,,,,,,,,,
Food away from home,Los Angeles,34.0522 N,118.2437 W,2014,3083,,,,,,,,,,,,,,,,,,
Fruits and vegetables,Los Angeles,34.0522 N,118.2437 W,2014,901,,,,,,,,,,,,,,,,,,
Healthcare,Los Angeles,34.0522 N,118.2437 W,2014,3178,,,,,,,,,,,,,,,,,,
Housing,Los Angeles,34.0522 N,118.2437 W,2014,21501,,,,,,,,,,,,,,,,,,
"Meats, poultry, fish, and eggs",Los Angeles,34.0522 N,118.2437 W,2014,957,,,,,,,,,,,,,,,,,,
Miscellaneous,Los Angeles,34.0522 N,118.2437 W,2014,608,,,,,,,,,,,,,,,,,,
Other food at home,Los Angeles,34.0522 N,118.2437 W,2014,1406,,,,,,,,,,,,,,,,,,
Personal care products and services,Los Angeles,34.0522 N,118.2437 W,2014,781,,,,,,,,,,,,,,,,,,
Personal insurance and pensions,Los Angeles,34.0522 N,118.2437 W,2014,5926,,,,,,,,,,,,,,,,,,
Reading,Los Angeles,34.0522 N,118.2437 W,2014,79,,,,,,,,,,,,,,,,,,
Tobacco products and smoking supplies,Los Angeles,34.0522 N,118.2437 W,2014,163,,,,,,,,,,,,,,,,,,
Transportation,Los Angeles,34.0522 N,118.2437 W,2014,8315,,,,,,,,,,,,,,,,,,
Alcoholic beverages,Los Angeles,34.0522 N,118.2437 W,2015,472,,,,,,,,,,,,,,,,,,
Apparel and services,Los Angeles,34.0522 N,118.2437 W,2015,2686,,,,,,,,,,,,,,,,,,
Cash contributions,Los Angeles,34.0522 N,118.2437 W,2015,1276,,,,,,,,,,,,,,,,,,
Cereals and bakery products,Los Angeles,34.0522 N,118.2437 W,2015,475,,,,,,,,,,,,,,,,,,
Dairy products,Los Angeles,34.0522 N,118.2437 W,2015,390,,,,,,,,,,,,,,,,,,
Education,Los Angeles,34.0522 N,118.2437 W,2015,1586,,,,,,,,,,,,,,,,,,
Entertainment,Los Angeles,34.0522 N,118.2437 W,2015,2423,,,,,,,,,,,,,,,,,,
Food away from home,Los Angeles,34.0522 N,118.2437 W,2015,3221,,,,,,,,,,,,,,,,,,
Fruits and vegetables,Los Angeles,34.0522 N,118.2437 W,2015,866,,,,,,,,,,,,,,,,,,
Healthcare,Los Angeles,34.0522 N,118.2437 W,2015,3615,,,,,,,,,,,,,,,,,,
Housing,Los Angeles,34.0522 N,118.2437 W,2015,21854,,,,,,,,,,,,,,,,,,
"Meats, poultry, fish, and eggs",Los Angeles,34.0522 N,118.2437 W,2015,966,,,,,,,,,,,,,,,,,,
Miscellaneous,Los Angeles,34.0522 N,118.2437 W,2015,986,,,,,,,,,,,,,,,,,,
Other food at home,Los Angeles,34.0522 N,118.2437 W,2015,1317,,,,,,,,,,,,,,,,,,
Personal care products and services,Los Angeles,34.0522 N,118.2437 W,2015,729,,,,,,,,,,,,,,,,,,
Personal insurance and pensions,Los Angeles,34.0522 N,118.2437 W,2015,6445,,,,,,,,,,,,,,,,,,
Reading,Los Angeles,34.0522 N,118.2437 W,2015,101,,,,,,,,,,,,,,,,,,
Tobacco products and smoking supplies,Los Angeles,34.0522 N,118.2437 W,2015,152,,,,,,,,,,,,,,,,,,
Transportation,Los Angeles,34.0522 N,118.2437 W,2015,8827,,,,,,,,,,,,,,,,,,
Alcoholic beverages,Los Angeles,34.0522 N,118.2437 W,2016,514,,,,,,,,,,,,,,,,,,
Apparel and services,Los Angeles,34.0522 N,118.2437 W,2016,2864,,,,,,,,,,,,,,,,,,
Cash contributions,Los Angeles,34.0522 N,118.2437 W,2016,1387,,,,,,,,,,,,,,,,,,
Cereals and bakery products,Los Angeles,34.0522 N,118.2437 W,2016,515,,,,,,,,,,,,,,,,,,
Dairy products,Los Angeles,34.0522 N,118.2437 W,2016,415,,,,,,,,,,,,,,,,,,
Education,Los Angeles,34.0522 N,118.2437 W,2016,1563,,,,,,,,,,,,,,,,,,
Entertainment,Los Angeles,34.0522 N,118.2437 W,2016,2665,,,,,,,,,,,,,,,,,,
Food away from home,Los Angeles,34.0522 N,118.2437 W,2016,3770,,,,,,,,,,,,,,,,,,
Fruits and vegetables,Los Angeles,34.0522 N,118.2437 W,2016,919,,,,,,,,,,,,,,,,,,
Healthcare,Los Angeles,34.0522 N,118.2437 W,2016,3825,,,,,,,,,,,,,,,,,,
Housing,Los Angeles,34.0522 N,118.2437 W,2016,23393,,,,,,,,,,,,,,,,,,
"Meats, poultry, fish, and eggs",Los Angeles,34.0522 N,118.2437 W,2016,1022,,,,,,,,,,,,,,,,,,
Miscellaneous,Los Angeles,34.0522 N,118.2437 W,2016,1477,,,,,,,,,,,,,,,,,,
Other food at home,Los Angeles,34.0522 N,118.2437 W,2016,1353,,,,,,,,,,,,,,,,,,
Personal care products and services,Los Angeles,34.0522 N,118.2437 W,2016,826,,,,,,,,,,,,,,,,,,
Personal insurance and pensions,Los Angeles,34.0522 N,118.2437 W,2016,7776,,,,,,,,,,,,,,,,,,
Reading,Los Angeles,34.0522 N,118.2437 W,2016,125,,,,,,,,,,,,,,,,,,
Tobacco products and smoking supplies,Los Angeles,34.0522 N,118.2437 W,2016,154,,,,,,,,,,,,,,,,,,
Transportation,Los Angeles,34.0522 N,118.2437 W,2016,10119,,,,,,,,,,,,,,,,,,
Alcoholic beverages,Los Angeles,34.0522 N,118.2437 W,2017,620,,,,,,,,,,,,,,,,,,
Apparel and services,Los Angeles,34.0522 N,118.2437 W,2017,2150,,,,,,,,,,,,,,,,,,
Cash contributions,Los Angeles,34.0522 N,118.2437 W,2017,1522,,,,,,,,,,,,,,,,,,
Cereals and bakery products,Los Angeles,34.0522 N,118.2437 W,2017,549,,,,,,,,,,,,,,,,,,
Dairy products,Los Angeles,34.0522 N,118.2437 W,2017,423,,,,,,,,,,,,,,,,,,
Education,Los Angeles,34.0522 N,118.2437 W,2017,2024,,,,,,,,,,,,,,,,,,
Entertainment,Los Angeles,34.0522 N,118.2437 W,2017,2764,,,,,,,,,,,,,,,,,,
Food away from home,Los Angeles,34.0522 N,118.2437 W,2017,4262,,,,,,,,,,,,,,,,,,
Fruits and vegetables,Los Angeles,34.0522 N,118.2437 W,2017,970,,,,,,,,,,,,,,,,,,
Healthcare,Los Angeles,34.0522 N,118.2437 W,2017,3956,,,,,,,,,,,,,,,,,,
Housing,Los Angeles,34.0522 N,118.2437 W,2017,24331,,,,,,,,,,,,,,,,,,
"Meats, poultry, fish, and eggs",Los Angeles,34.0522 N,118.2437 W,2017,1050,,,,,,,,,,,,,,,,,,
Miscellaneous,Los Angeles,34.0522 N,118.2437 W,2017,1430,,,,,,,,,,,,,,,,,,
Other food at home,Los Angeles,34.0522 N,118.2437 W,2017,1474,,,,,,,,,,,,,,,,,,
Personal care products and services,Los Angeles,34.0522 N,118.2437 W,2017,868,,,,,,,,,,,,,,,,,,
Personal insurance and pensions,Los Angeles,34.0522 N,118.2437 W,2017,8538,,,,,,,,,,,,,,,,,,
Reading,Los Angeles,34.0522 N,118.2437 W,2017,110,,,,,,,,,,,,,,,,,,
Tobacco products and smoking supplies,Los Angeles,34.0522 N,118.2437 W,2017,190,,,,,,,,,,,,,,,,,,
Transportation,Los Angeles,34.0522 N,118.2437 W,2017,9741,,,,,,,,,,,,,,,,,,
Alcoholic beverages,Los Angeles,34.0522 N,118.2437 W,2018,657,,,,,,,,,,,,,,,,,,
Apparel and services,Los Angeles,34.0522 N,118.2437 W,2018,2089,,,,,,,,,,,,,,,,,,
Cash contributions,Los Angeles,34.0522 N,118.2437 W,2018,1654,,,,,,,,,,,,,,,,,,
Cereals and bakery products,Los Angeles,34.0522 N,118.2437 W,2018,563,,,,,,,,,,,,,,,,,,
Dairy products,Los Angeles,34.0522 N,118.2437 W,2018,431,,,,,,,,,,,,,,,,,,
Education,Los Angeles,34.0522 N,118.2437 W,2018,2334,,,,,,,,,,,,,,,,,,
Entertainment,Los Angeles,34.0522 N,118.2437 W,2018,2853,,,,,,,,,,,,,,,,,,
Food away from home,Los Angeles,34.0522 N,118.2437 W,2018,4431,,,,,,,,,,,,,,,,,,
Fruits and vegetables,Los Angeles,34.0522 N,118.2437 W,2018,955,,,,,,,,,,,,,,,,,,
Healthcare,Los Angeles,34.0522 N,118.2437 W,2018,3890,,,,,,,,,,,,,,,,,,
Housing,Los Angeles,34.0522 N,118.2437 W,2018,24326,,,,,,,,,,,,,,,,,,
"Meats, poultry, fish, and eggs",Los Angeles,34.0522 N,118.2437 W,2018,1030,,,,,,,,,,,,,,,,,,
Miscellaneous,Los Angeles,34.0522 N,118.2437 W,2018,1247,,,,,,,,,,,,,,,,,,
Other food at home,Los Angeles,34.0522 N,118.2437 W,2018,1563,,,,,,,,,,,,,,,,,,
Personal care products and services,Los Angeles,34.0522 N,118.2437 W,2018,811,,,,,,,,,,,,,,,,,,
Personal insurance and pensions,Los Angeles,34.0522 N,118.2437 W,2018,9716,,,,,,,,,,,,,,,,,,
Reading,Los Angeles,34.0522 N,118.2437 W,2018,94,,,,,,,,,,,,,,,,,,
Tobacco products and smoking supplies,Los Angeles,34.0522 N,118.2437 W,2018,211,,,,,,,,,,,,,,,,,,
Transportation,Los Angeles,34.0522 N,118.2437 W,2018,9273,,,,,,,,,,,,,,,,,,
Alcoholic beverages,Los Angeles,34.0522 N,118.2437 W,2019,599,,,,,,,,,,,,,,,,,,
Apparel and services,Los Angeles,34.0522 N,118.2437 W,2019,2080,,,,,,,,,,,,,,,,,,
Cash contributions,Los Angeles,34.0522 N,118.2437 W,2019,1910,,,,,,,,,,,,,,,,,,
Cereals and bakery products,Los Angeles,34.0522 N,118.2437 W,2019,576,,,,,,,,,,,,,,,,,,
Dairy products,Los Angeles,34.0522 N,118.2437 W,2019,449,,,,,,,,,,,,,,,,,,
Education,Los Angeles,34.0522 N,118.2437 W,2019,1854,,,,,,,,,,,,,,,,,,
Entertainment,Los Angeles,34.0522 N,118.2437 W,2019,2901,,,,,,,,,,,,,,,,,,
Food away from home,Los Angeles,34.0522 N,118.2437 W,2019,4593,,,,,,,,,,,,,,,,,,
Fruits and vegetables,Los Angeles,34.0522 N,118.2437 W,2019,944,,,,,,,,,,,,,,,,,,
Healthcare,Los Angeles,34.0522 N,118.2437 W,2019,4158,,,,,,,,,,,,,,,,,,
Housing,Los Angeles,34.0522 N,118.2437 W,2019,24613,,,,,,,,,,,,,,,,,,
"Meats, poultry, fish, and eggs",Los Angeles,34.0522 N,118.2437 W,2019,989,,,,,,,,,,,,,,,,,,
Miscellaneous,Los Angeles,34.0522 N,118.2437 W,2019,1172,,,,,,,,,,,,,,,,,,
Other food at home,Los Angeles,34.0522 N,118.2437 W,2019,1625,,,,,,,,,,,,,,,,,,
Personal care products and services,Los Angeles,34.0522 N,118.2437 W,2019,872,,,,,,,,,,,,,,,,,,
Personal insurance and pensions,Los Angeles,34.0522 N,118.2437 W,2019,9238,,,,,,,,,,,,,,,,,,
Reading,Los Angeles,34.0522 N,118.2437 W,2019,91,,,,,,,,,,,,,,,,,,
Tobacco products and smoking supplies,Los Angeles,34.0522 N,118.2437 W,2019,201,,,,,,,,,,,,,,,,,,
Transportation,Los Angeles,34.0522 N,118.2437 W,2019,10959,,,,,,,,,,,,,,,,,,
Alcoholic beverages,Los Angeles,34.0522 N,118.2437 W,2020,520,,,,,,,,,,,,,,,,,,
Apparel and services,Los Angeles,34.0522 N,118.2437 W,2020,1861,,,,,,,,,,,,,,,,,,
Cash contributions,Los Angeles,34.0522 N,118.2437 W,2020,2006,,,,,,,,,,,,,,,,,,
Cereals and bakery products,Los Angeles,34.0522 N,118.2437 W,2020,613,,,,,,,,,,,,,,,,,,
Dairy products,Los Angeles,34.0522 N,118.2437 W,2020,480,,,,,,,,,,,,,,,,,,
Education,Los Angeles,34.0522 N,118.2437 W,2020,1189,,,,,,,,,,,,,,,,,,
Entertainment,Los Angeles,34.0522 N,118.2437 W,2020,2701,,,,,,,,,,,,,,,,,,
Food away from home,Los Angeles,34.0522 N,118.2437 W,2020,3820,,,,,,,,,,,,,,,,,,
Fruits and vegetables,Los Angeles,34.0522 N,118.2437 W,2020,1036,,,,,,,,,,,,,,,,,,
Healthcare,Los Angeles,34.0522 N,118.2437 W,2020,4339,,,,,,,,,,,,,,,,,,
Housing,Los Angeles,34.0522 N,118.2437 W,2020,25624,,,,,,,,,,,,,,,,,,
"Meats, poultry, fish, and eggs",Los Angeles,34.0522 N,118.2437 W,2020,1174,,,,,,,,,,,,,,,,,,
Miscellaneous,Los Angeles,34.0522 N,118.2437 W,2020,1059,,,,,,,,,,,,,,,,,,
Other food at home,Los Angeles,34.0522 N,118.2437 W,2020,1746,,,,,,,,,,,,,,,,,,
Personal care products and services,Los Angeles,34.0522 N,118.2437 W,2020,863,,,,,,,,,,,,,,,,,,
Personal insurance and pensions,Los Angeles,34.0522 N,118.2437 W,2020,7877,,,,,,,,,,,,,,,,,,
Reading,Los Angeles,34.0522 N,118.2437 W,2020,87,,,,,,,,,,,,,,,,,,
Tobacco products and smoking supplies,Los Angeles,34.0522 N,118.2437 W,2020,183,,,,,,,,,,,,,,,,,,
Transportation,Los Angeles,34.0522 N,118.2437 W,2020,10681,,,,,,,,,,,,,,,,,,
Alcoholic beverages,Los Angeles,34.0522 N,118.2437 W,2021,517,,,,,,,,,,,,,,,,,,
Apparel and services,Los Angeles,34.0522 N,118.2437 W,2021,1810,,,,,,,,,,,,,,,,,,
Cash contributions,Los Angeles,34.0522 N,118.2437 W,2021,1527,,,,,,,,,,,,,,,,,,
Cereals and bakery products,Los Angeles,34.0522 N,118.2437 W,2021,661,,,,,,,,,,,,,,,,,,
Dairy products,Los Angeles,34.0522 N,118.2437 W,2021,514,,,,,,,,,,,,,,,,,,
Education,Los Angeles,34.0522 N,118.2437 W,2021,1127,,,,,,,,,,,,,,,,,,
Entertainment,Los Angeles,34.0522 N,118.2437 W,2021,2978,,,,,,,,,,,,,,,,,,
Food away from home,Los Angeles,34.0522 N,118.2437 W,2021,3201,,,,,,,,,,,,,,,,,,
Fruits and vegetables,Los Angeles,34.0522 N,118.2437 W,2021,1166,,,,,,,,,,,,,,,,,,
Healthcare,Los Angeles,34.0522 N,118.2437 W,2021,4487,,,,,,,,,,,,,,,,,,
Housing,Los Angeles,34.0522 N,118.2437 W,2021,26143,,,,,,,,,,,,,,,,,,
"Meats, poultry, fish, and eggs",Los Angeles,34.0522 N,118.2437 W,2021,1372,,,,,,,,,,,,,,,,,,
Miscellaneous,Los Angeles,34.0522 N,118.2437 W,2021,1104,,,,,,,,,,,,,,,,,,
Other food at home,Los Angeles,34.0522 N,118.2437 W,2021,1858,,,,,,,,,,,,,,,,,,
Personal care products and services,Los Angeles,34.0522 N,118.2437 W,2021,857,,,,,,,,,,,,,,,,,,
Personal insurance and pensions,Los Angeles,34.0522 N,118.2437 W,2021,7973,,,,,,,,,,,,,,,,,,
Reading,Los Angeles,34.0522 N,118.2437 W,2021,110,,,,,,,,,,,,,,,,,,
Tobacco products and smoking supplies,Los Angeles,34.0522 N,118.2437 W,2021,188,,,,,,,,,,,,,,,,,,
Transportation,Los Angeles,34.0522 N,118.2437 W,2021,11219,,,,,,,,,,,,,,,,,,
Alcoholic beverages,Los Angeles,34.0522 N,118.2437 W,2022,720,,,,,,,,,,,,,,,,,,
Apparel and services,Los Angeles,34.0522 N,118.2437 W,2022,2126,,,,,,,,,,,,,,,,,,
Cash contributions,Los Angeles,34.0522 N,118.2437 W,2022,1278,,,,,,,,,,,,,,,,,,
Cereals and bakery products,Los Angeles,34.0522 N,118.2437 W,2022,713,,,,,,,,,,,,,,,,,,
Dairy products,Los Angeles,34.0522 N,118.2437 W,2022,502,,,,,,,,,,,,,,,,,,
Education,Los Angeles,34.0522 N,118.2437 W,2022,1671,,,,,,,,,,,,,,,,,,
Entertainment,Los Angeles,34.0522 N,118.2437 W,2022,3199,,,,,,,,,,,,,,,,,,
Food away from home,Los Angeles,34.0522 N,118.2437 W,2022,4495,,,,,,,,,,,,,,,,,,
Fruits and vegetables,Los Angeles,34.0522 N,118.2437 W,2022,1217,,,,,,,,,,,,,,,,,,
Healthcare,Los Angeles,34.0522 N,118.2437 W,2022,4768,,,,,,,,,,,,,,,,,,
Housing,Los Angeles,34.0522 N,118.2437 W,2022,28300,,,,,,,,,,,,,,,,,,
"Meats, poultry, fish, and eggs",Los Angeles,34.0522 N,118.2437 W,2022,1311,,,,,,,,,,,,,,,,,,
Miscellaneous,Los Angeles,34.0522 N,118.2437 W,2022,1157,,,,,,,,,,,,,,,,,,
Other food at home,Los Angeles,34.0522 N,118.2437 W,2022,1937,,,,,,,,,,,,,,,,,,
Personal care products and services,Los Angeles,34.0522 N,118.2437 W,2022,1020,,,,,,,,,,,,,,,,,,
Personal insurance and pensions,Los Angeles,34.0522 N,118.2437 W,2022,9137,,,,,,,,,,,,,,,,,,
Reading,Los Angeles,34.0522 N,118.2437 W,2022,121,,,,,,,,,,,,,,,,,,
Tobacco products and smoking supplies,Los Angeles,34.0522 N,118.2437 W,2022,241,,,,,,,,,,,,,,,,,,
Transportation,Los Angeles,34.0522 N,118.2437 W,2022,13112,,,,,,,,,,,,,,,,,,
Alcoholic beverages,NewYork,40.7128 N,74.006 W,2005,553,,,,,,,,,,,,,,,,,,
Apparel and services,NewYork,40.7128 N,74.006 W,2005,2858,,,,,,,,,,,,,,,,,,
Cash contributions,NewYork,40.7128 N,74.006 W,2005,1168,,,,,,,,,,,,,,,,,,
Cereals and bakery products,NewYork,40.7128 N,74.006 W,2005,568,,,,,,,,,,,,,,,,,,
Dairy products,NewYork,40.7128 N,74.006 W,2005,462,,,,,,,,,,,,,,,,,,
Education,NewYork,40.7128 N,74.006 W,2005,1643,,,,,,,,,,,,,,,,,,
Entertainment,NewYork,40.7128 N,74.006 W,2005,2330,,,,,,,,,,,,,,,,,,
Food away from home,NewYork,40.7128 N,74.006 W,2005,3269,,,,,,,,,,,,,,,,,,
Fruits and vegetables,NewYork,40.7128 N,74.006 W,2005,766,,,,,,,,,,,,,,,,,,
Healthcare,NewYork,40.7128 N,74.006 W,2005,2412,,,,,,,,,,,,,,,,,,
Housing,NewYork,40.7128 N,74.006 W,2005,20065,,,,,,,,,,,,,,,,,,
"Meats, poultry, fish, and eggs",NewYork,40.7128 N,74.006 W,2005,1109,,,,,,,,,,,,,,,,,,
Miscellaneous,NewYork,40.7128 N,74.006 W,2005,1064,,,,,,,,,,,,,,,,,,
Other food at home,NewYork,40.7128 N,74.006 W,2005,1111,,,,,,,,,,,,,,,,,,
Personal care products and services,NewYork,40.7128 N,74.006 W,2005,687,,,,,,,,,,,,,,,,,,
Personal insurance and pensions,NewYork,40.7128 N,74.006 W,2005,6068,,,,,,,,,,,,,,,,,,
Reading,NewYork,40.7128 N,74.006 W,2005,144,,,,,,,,,,,,,,,,,,
Tobacco products and smoking supplies,NewYork,40.7128 N,74.006 W,2005,265,,,,,,,,,,,,,,,,,,
Transportation,NewYork,40.7128 N,74.006 W,2005,7581,,,,,,,,,,,,,,,,,,
Alcoholic beverages,NewYork,40.7128 N,74.006 W,2006,488,,,,,,,,,,,,,,,,,,
Apparel and services,NewYork,40.7128 N,74.006 W,2006,2746,,,,,,,,,,,,,,,,,,
Cash contributions,NewYork,40.7128 N,74.006 W,2006,1353,,,,,,,,,,,,,,,,,,
Cereals and bakery products,NewYork,40.7128 N,74.006 W,2006,533,,,,,,,,,,,,,,,,,,
Dairy products,NewYork,40.7128 N,74.006 W,2006,425,,,,,,,,,,,,,,,,,,
Education,NewYork,40.7128 N,74.006 W,2006,1597,,,,,,,,,,,,,,,,,,
Entertainment,NewYork,40.7128 N,74.006 W,2006,2451,,,,,,,,,,,,,,,,,,
Food away from home,NewYork,40.7128 N,74.006 W,2006,3224,,,,,,,,,,,,,,,,,,
Fruits and vegetables,NewYork,40.7128 N,74.006 W,2006,759,,,,,,,,,,,,,,,,,,
Healthcare,NewYork,40.7128 N,74.006 W,2006,2607,,,,,,,,,,,,,,,,,,
Housing,NewYork,40.7128 N,74.006 W,2006,20865,,,,,,,,,,,,,,,,,,
"Meats, poultry, fish, and eggs",NewYork,40.7128 N,74.006 W,2006,989,,,,,,,,,,,,,,,,,,
Miscellaneous,NewYork,40.7128 N,74.006 W,2006,1132,,,,,,,,,,,,,,,,,,
Other food at home,NewYork,40.7128 N,74.006 W,2006,1172,,,,,,,,,,,,,,,,,,
Personal care products and services,NewYork,40.7128 N,74.006 W,2006,659,,,,,,,,,,,,,,,,,,
Personal insurance and pensions,NewYork,40.7128 N,74.006 W,2006,5968,,,,,,,,,,,,,,,,,,
Reading,NewYork,40.7128 N,74.006 W,2006,133,,,,,,,,,,,,,,,,,,
Tobacco products and smoking supplies,NewYork,40.7128 N,74.006 W,2006,245,,,,,,,,,,,,,,,,,,
Transportation,NewYork,40.7128 N,74.006 W,2006,7792,,,,,,,,,,,,,,,,,,
Alcoholic beverages,NewYork,40.7128 N,74.006 W,2007,533,,,,,,,,,,,,,,,,,,
Apparel and services,NewYork,40.7128 N,74.006 W,2007,2619,,,,,,,,,,,,,,,,,,
Cash contributions,NewYork,40.7128 N,74.006 W,2007,1517,,,,,,,,,,,,,,,,,,
Cereals and bakery products,NewYork,40.7128 N,74.006 W,2007,528,,,,,,,,,,,,,,,,,,
Dairy products,NewYork,40.7128 N,74.006 W,2007,396,,,,,,,,,,,,,,,,,,
Education,NewYork,40.7128 N,74.006 W,2007,1420,,,,,,,,,,,,,,,,,,
Entertainment,NewYork,40.7128 N,74.006 W,2007,2600,,,,,,,,,,,,,,,,,,
Food away from home,NewYork,40.7128 N,74.006 W,2007,3202,,,,,,,,,,,,,,,,,,
Fruits and vegetables,NewYork,40.7128 N,74.006 W,2007,743,,,,,,,,,,,,,,,,,,
Healthcare,NewYork,40.7128 N,74.006 W,2007,2674,,,,,,,,,,,,,,,,,,
Housing,NewYork,40.7128 N,74.006 W,2007,22295,,,,,,,,,,,,,,,,,,
"Meats, poultry, fish, and eggs",NewYork,40.7128 N,74.006 W,2007,955,,,,,,,,,,,,,,,,,,
Miscellaneous,NewYork,40.7128 N,74.006 W,2007,1006,,,,,,,,,,,,,,,,,,
Other food at home,NewYork,40.7128 N,74.006 W,2007,1199,,,,,,,,,,,,,,,,,,
Personal care products and services,NewYork,40.7128 N,74.006 W,2007,685,,,,,,,,,,,,,,,,,,
Personal insurance and pensions,NewYork,40.7128 N,74.006 W,2007,5924,,,,,,,,,,,,,,,,,,
Reading,NewYork,40.7128 N,74.006 W,2007,118,,,,,,,,,,,,,,,,,,
Tobacco products and smoking supplies,NewYork,40.7128 N,74.006 W,2007,221,,,,,,,,,,,,,,,,,,
Transportation,NewYork,40.7128 N,74.006 W,2007,8048,,,,,,,,,,,,,,,,,,
Alcoholic beverages,NewYork,40.7128 N,74.006 W,2008,516,,,,,,,,,,,,,,,,,,
Apparel and services,NewYork,40.7128 N,74.006 W,2008,2535,,,,,,,,,,,,,,,,,,
Cash contributions,NewYork,40.7128 N,74.006 W,2008,1462,,,,,,,,,,,,,,,,,,
Cereals and bakery products,NewYork,40.7128 N,74.006 W,2008,535,,,,,,,,,,,,,,,,,,
Dairy products,NewYork,40.7128 N,74.006 W,2008,414,,,,,,,,,,,,,,,,,,
Education,NewYork,40.7128 N,74.006 W,2008,1795,,,,,,,,,,,,,,,,,,
Entertainment,NewYork,40.7128 N,74.006 W,2008,2763,,,,,,,,,,,,,,,,,,
Food away from home,NewYork,40.7128 N,74.006 W,2008,3331,,,,,,,,,,,,,,,,,,
Fruits and vegetables,NewYork,40.7128 N,74.006 W,2008,755,,,,,,,,,,,,,,,,,,
Healthcare,NewYork,40.7128 N,74.006 W,2008,2829,,,,,,,,,,,,,,,,,,
Housing,NewYork,40.7128 N,74.006 W,2008,23441,,,,,,,,,,,,,,,,,,
"Meats, poultry, fish, and eggs",NewYork,40.7128 N,74.006 W,2008,986,,,,,,,,,,,,,,,,,,
Miscellaneous,NewYork,40.7128 N,74.006 W,2008,964,,,,,,,,,,,,,,,,,,
Other food at home,NewYork,40.7128 N,74.006 W,2008,1203,,,,,,,,,,,,,,,,,,
Personal care products and services,NewYork,40.7128 N,74.006 W,2008,699,,,,,,,,,,,,,,,,,,
Personal insurance and pensions,NewYork,40.7128 N,74.006 W,2008,6386,,,,,,,,,,,,,,,,,,
Reading,NewYork,40.7128 N,74.006 W,2008,113,,,,,,,,,,,,,,,,,,
Tobacco products and smoking supplies,NewYork,40.7128 N,74.006 W,2008,210,,,,,,,,,,,,,,,,,,
Transportation,NewYork,40.7128 N,74.006 W,2008,8249,,,,,,,,,,,,,,,,,,
Alcoholic beverages,NewYork,40.7128 N,74.006 W,2009,498,,,,,,,,,,,,,,,,,,
Apparel and services,NewYork,40.7128 N,74.006 W,2009,2292,,,,,,,,,,,,,,,,,,
Cash contributions,NewYork,40.7128 N,74.006 W,2009,1515,,,,,,,,,,,,,,,,,,
Cereals and bakery products,NewYork,40.7128 N,74.006 W,2009,558,,,,,,,,,,,,,,,,,,
Dairy products,NewYork,40.7128 N,74.006 W,2009,449,,,,,,,,,,,,,,,,,,
Education,NewYork,40.7128 N,74.006 W,2009,2043,,,,,,,,,,,,,,,,,,
Entertainment,NewYork,40.7128 N,74.006 W,2009,2828,,,,,,,,,,,,,,,,,,
Food away from home,NewYork,40.7128 N,74.006 W,2009,3354,,,,,,,,,,,,,,,,,,
Fruits and vegetables,NewYork,40.7128 N,74.006 W,2009,799,,,,,,,,,,,,,,,,,,
Healthcare,NewYork,40.7128 N,74.006 W,2009,3027,,,,,,,,,,,,,,,,,,
Housing,NewYork,40.7128 N,74.006 W,2009,23624,,,,,,,,,,,,,,,,,,
"Meats, poultry, fish, and eggs",NewYork,40.7128 N,74.006 W,2009,987,,,,,,,,,,,,,,,,,,
Miscellaneous,NewYork,40.7128 N,74.006 W,2009,920,,,,,,,,,,,,,,,,,,
Other food at home,NewYork,40.7128 N,74.006 W,2009,1273,,,,,,,,,,,,,,,,,,
Personal care products and services,NewYork,40.7128 N,74.006 W,2009,686,,,,,,,,,,,,,,,,,,
Personal insurance and pensions,NewYork,40.7128 N,74.006 W,2009,6591,,,,,,,,,,,,,,,,,,
Reading,NewYork,40.7128 N,74.006 W,2009,110,,,,,,,,,,,,,,,,,,
Tobacco products and smoking supplies,NewYork,40.7128 N,74.006 W,2009,223,,,,,,,,,,,,,,,,,,
Transportation,NewYork,40.7128 N,74.006 W,2009,8495,,,,,,,,,,,,,,,,,,
Alcoholic beverages,NewYork,40.7128 N,74.006 W,2010,555,,,,,,,,,,,,,,,,,,
Apparel and services,NewYork,40.7128 N,74.006 W,2010,2476,,,,,,,,,,,,,,,,,,
Cash contributions,NewYork,40.7128 N,74.006 W,2010,1586,,,,,,,,,,,,,,,,,,
Cereals and bakery products,NewYork,40.7128 N,74.006 W,2010,565,,,,,,,,,,,,,,,,,,
Dairy products,NewYork,40.7128 N,74.006 W,2010,446,,,,,,,,,,,,,,,,,,
Education,NewYork,40.7128 N,74.006 W,2010,1940,,,,,,,,,,,,,,,,,,
Entertainment,NewYork,40.7128 N,74.006 W,2010,2658,,,,,,,,,,,,,,,,,,
Food away from home,NewYork,40.7128 N,74.006 W,2010,3341,,,,,,,,,,,,,,,,,,
Fruits and vegetables,NewYork,40.7128 N,74.006 W,2010,811,,,,,,,,,,,,,,,,,,
Healthcare,NewYork,40.7128 N,74.006 W,2010,3016,,,,,,,,,,,,,,,,,,
Housing,NewYork,40.7128 N,74.006 W,2010,23238,,,,,,,,,,,,,,,,,,
"Meats, poultry, fish, and eggs",NewYork,40.7128 N,74.006 W,2010,959,,,,,,,,,,,,,,,,,,
Miscellaneous,NewYork,40.7128 N,74.006 W,2010,749,,,,,,,,,,,,,,,,,,
Other food at home,NewYork,40.7128 N,74.006 W,2010,1290,,,,,,,,,,,,,,,,,,
Personal care products and services,NewYork,40.7128 N,74.006 W,2010,677,,,,,,,,,,,,,,,,,,
Personal insurance and pensions,NewYork,40.7128 N,74.006 W,2010,6325,,,,,,,,,,,,,,,,,,
Reading,NewYork,40.7128 N,74.006 W,2010,114,,,,,,,,,,,,,,,,,,
Tobacco products and smoking supplies,NewYork,40.7128 N,74.006 W,2010,251,,,,,,,,,,,,,,,,,,
Transportation,NewYork,40.7128 N,74.006 W,2010,7944,,,,,,,,,,,,,,,,,,
Alcoholic beverages,NewYork,40.7128 N,74.006 W,2011,522,,,,,,,,,,,,,,,,,,
Apparel and services,NewYork,40.7128 N,74.006 W,2011,2596,,,,,,,,,,,,,,,,,,
Cash contributions,NewYork,40.7128 N,74.006 W,2011,1473,,,,,,,,,,,,,,,,,,
Cereals and bakery products,NewYork,40.7128 N,74.006 W,2011,597,,,,,,,,,,,,,,,,,,
Dairy products,NewYork,40.7128 N,74.006 W,2011,437,,,,,,,,,,,,,,,,,,
Education,NewYork,40.7128 N,74.006 W,2011,1654,,,,,,,,,,,,,,,,,,
Entertainment,NewYork,40.7128 N,74.006 W,2011,2512,,,,,,,,,,,,,,,,,,
Food away from home,NewYork,40.7128 N,74.006 W,2011,3208,,,,,,,,,,,,,,,,,,
Fruits and vegetables,NewYork,40.7128 N,74.006 W,2011,858,,,,,,,,,,,,,,,,,,
Healthcare,NewYork,40.7128 N,74.006 W,2011,3089,,,,,,,,,,,,,,,,,,
Housing,NewYork,40.7128 N,74.006 W,2011,23154,,,,,,,,,,,,,,,,,,
"Meats, poultry, fish, and eggs",NewYork,40.7128 N,74.006 W,2011,996,,,,,,,,,,,,,,,,,,
Miscellaneous,NewYork,40.7128 N,74.006 W,2011,763,,,,,,,,,,,,,,,,,,
Other food at home,NewYork,40.7128 N,74.006 W,2011,1274,,,,,,,,,,,,,,,,,,
Personal care products and services,NewYork,40.7128 N,74.006 W,2011,679,,,,,,,,,,,,,,,,,,
Personal insurance and pensions,NewYork,40.7128 N,74.006 W,2011,6155,,,,,,,,,,,,,,,,,,
Reading,NewYork,40.7128 N,74.006 W,2011,113,,,,,,,,,,,,,,,,,,
Tobacco products and smoking supplies,NewYork,40.7128 N,74.006 W,2011,249,,,,,,,,,,,,,,,,,,
Transportation,NewYork,40.7128 N,74.006 W,2011,7843,,,,,,,,,,,,,,,,,,
Alcoholic beverages,NewYork,40.7128 N,74.006 W,2012,448,,,,,,,,,,,,,,,,,,
Apparel and services,NewYork,40.7128 N,74.006 W,2012,2281,,,,,,,,,,,,,,,,,,
Cash contributions,NewYork,40.7128 N,74.006 W,2012,1502,,,,,,,,,,,,,,,,,,
Cereals and bakery products,NewYork,40.7128 N,74.006 W,2012,601,,,,,,,,,,,,,,,,,,
Dairy products,NewYork,40.7128 N,74.006 W,2012,438,,,,,,,,,,,,,,,,,,
Education,NewYork,40.7128 N,74.006 W,2012,1790,,,,,,,,,,,,,,,,,,
Entertainment,NewYork,40.7128 N,74.006 W,2012,2474,,,,,,,,,,,,,,,,,,
Food away from home,NewYork,40.7128 N,74.006 W,2012,3089,,,,,,,,,,,,,,,,,,
Fruits and vegetables,NewYork,40.7128 N,74.006 W,2012,870,,,,,,,,,,,,,,,,,,
Healthcare,NewYork,40.7128 N,74.006 W,2012,3294,,,,,,,,,,,,,,,,,,
Housing,NewYork,40.7128 N,74.006 W,2012,23315,,,,,,,,,,,,,,,,,,
"Meats, poultry, fish, and eggs",NewYork,40.7128 N,74.006 W,2012,1004,,,,,,,,,,,,,,,,,,
Miscellaneous,NewYork,40.7128 N,74.006 W,2012,842,,,,,,,,,,,,,,,,,,
Other food at home,NewYork,40.7128 N,74.006 W,2012,1272,,,,,,,,,,,,,,,,,,
Personal care products and services,NewYork,40.7128 N,74.006 W,2012,692,,,,,,,,,,,,,,,,,,
Personal insurance and pensions,NewYork,40.7128 N,74.006 W,2012,6352,,,,,,,,,,,,,,,,,,
Reading,NewYork,40.7128 N,74.006 W,2012,104,,,,,,,,,,,,,,,,,,
Tobacco products and smoking supplies,NewYork,40.7128 N,74.006 W,2012,259,,,,,,,,,,,,,,,,,,
Transportation,NewYork,40.7128 N,74.006 W,2012,8031,,,,,,,,,,,,,,,,,,
Alcoholic beverages,NewYork,40.7128 N,74.006 W,2013,498,,,,,,,,,,,,,,,,,,
Apparel and services,NewYork,40.7128 N,74.006 W,2013,2254,,,,,,,,,,,,,,,,,,
Cash contributions,NewYork,40.7128 N,74.006 W,2013,1543,,,,,,,,,,,,,,,,,,
Cereals and bakery products,NewYork,40.7128 N,74.006 W,2013,590,,,,,,,,,,,,,,,,,,
Dairy products,NewYork,40.7128 N,74.006 W,2013,442,,,,,,,,,,,,,,,,,,
Education,NewYork,40.7128 N,74.006 W,2013,2280,,,,,,,,,,,,,,,,,,
Entertainment,NewYork,40.7128 N,74.006 W,2013,2529,,,,,,,,,,,,,,,,,,
Food away from home,NewYork,40.7128 N,74.006 W,2013,3114,,,,,,,,,,,,,,,,,,
Fruits and vegetables,NewYork,40.7128 N,74.006 W,2013,855,,,,,,,,,,,,,,,,,,
Healthcare,NewYork,40.7128 N,74.006 W,2013,3585,,,,,,,,,,,,,,,,,,
Housing,NewYork,40.7128 N,74.006 W,2013,24187,,,,,,,,,,,,,,,,,,
"Meats, poultry, fish, and eggs",NewYork,40.7128 N,74.006 W,2013,988,,,,,,,,,,,,,,,,,,
Miscellaneous,NewYork,40.7128 N,74.006 W,2013,710,,,,,,,,,,,,,,,,,,
Other food at home,NewYork,40.7128 N,74.006 W,2013,1236,,,,,,,,,,,,,,,,,,
Personal care products and services,NewYork,40.7128 N,74.006 W,2013,704,,,,,,,,,,,,,,,,,,
Personal insurance and pensions,NewYork,40.7128 N,74.006 W,2013,6690,,,,,,,,,,,,,,,,,,
Reading,NewYork,40.7128 N,74.006 W,2013,102,,,,,,,,,,,,,,,,,,
Tobacco products and smoking supplies,NewYork,40.7128 N,74.006 W,2013,248,,,,,,,,,,,,,,,,,,
Transportation,NewYork,40.7128 N,74.006 W,2013,8235,,,,,,,,,,,,,,,,,,
Alcoholic beverages,NewYork,40.7128 N,74.006 W,2014,541,,,,,,,,,,,,,,,,,,
Apparel and services,NewYork,40.7128 N,74.006 W,2014,2334,,,,,,,,,,,,,,,,,,
Cash contributions,NewYork,40.7128 N,74.006 W,2014,1669,,,,,,,,,,,,,,,,,,
Cereals and bakery products,NewYork,40.7128 N,74.006 W,2014,609,,,,,,,,,,,,,,,,,,
Dairy products,NewYork,40.7128 N,74.006 W,2014,464,,,,,,,,,,,,,,,,,,
Education,NewYork,40.7128 N,74.006 W,2014,2575,,,,,,,,,,,,,,,,,,
Entertainment,NewYork,40.7128 N,74.006 W,2014,2597,,,,,,,,,,,,,,,,,,
Food away from home,NewYork,40.7128 N,74.006 W,2014,3068,,,,,,,,,,,,,,,,,,
Fruits and vegetables,NewYork,40.7128 N,74.006 W,2014,895,,,,,,,,,,,,,,,,,,
Healthcare,NewYork,40.7128 N,74.006 W,2014,3937,,,,,,,,,,,,,,,,,,
Housing,NewYork,40.7128 N,74.006 W,2014,25046,,,,,,,,,,,,,,,,,,
"Meats, poultry, fish, and eggs",NewYork,40.7128 N,74.006 W,2014,1008,,,,,,,,,,,,,,,,,,
Miscellaneous,NewYork,40.7128 N,74.006 W,2014,652,,,,,,,,,,,,,,,,,,
Other food at home,NewYork,40.7128 N,74.006 W,2014,1283,,,,,,,,,,,,,,,,,,
Personal care products and services,NewYork,40.7128 N,74.006 W,2014,748,,,,,,,,,,,,,,,,,,
Personal insurance and pensions,NewYork,40.7128 N,74.006 W,2014,6993,,,,,,,,,,,,,,,,,,
Reading,NewYork,40.7128 N,74.006 W,2014,100,,,,,,,,,,,,,,,,,,
Tobacco products and smoking supplies,NewYork,40.7128 N,74.006 W,2014,230,,,,,,,,,,,,,,,,,,
Transportation,NewYork,40.7128 N,74.006 W,2014,8442,,,,,,,,,,,,,,,,,,
Alcoholic beverages,NewYork,40.7128 N,74.006 W,2015,488,,,,,,,,,,,,,,,,,,
Apparel and services,NewYork,40.7128 N,74.006 W,2015,2089,,,,,,,,,,,,,,,,,,
Cash contributions,NewYork,40.7128 N,74.006 W,2015,1768,,,,,,,,,,,,,,,,,,
Cereals and bakery products,NewYork,40.7128 N,74.006 W,2015,564,,,,,,,,,,,,,,,,,,
Dairy products,NewYork,40.7128 N,74.006 W,2015,439,,,,,,,,,,,,,,,,,,
Education,NewYork,40.7128 N,74.006 W,2015,2483,,,,,,,,,,,,,,,,,,
Entertainment,NewYork,40.7128 N,74.006 W,2015,2576,,,,,,,,,,,,,,,,,,
Food away from home,NewYork,40.7128 N,74.006 W,2015,2888,,,,,,,,,,,,,,,,,,
Fruits and vegetables,NewYork,40.7128 N,74.006 W,2015,879,,,,,,,,,,,,,,,,,,
Healthcare,NewYork,40.7128 N,74.006 W,2015,4146,,,,,,,,,,,,,,,,,,
Housing,NewYork,40.7128 N,74.006 W,2015,24879,,,,,,,,,,,,,,,,,,
"Meats, poultry, fish, and eggs",NewYork,40.7128 N,74.006 W,2015,946,,,,,,,,,,,,,,,,,,
Miscellaneous,NewYork,40.7128 N,74.006 W,2015,869,,,,,,,,,,,,,,,,,,
Other food at home,NewYork,40.7128 N,74.006 W,2015,1228,,,,,,,,,,,,,,,,,,
Personal care products and services,NewYork,40.7128 N,74.006 W,2015,766,,,,,,,,,,,,,,,,,,
Personal insurance and pensions,NewYork,40.7128 N,74.006 W,2015,7543,,,,,,,,,,,,,,,,,,
Reading,NewYork,40.7128 N,74.006 W,2015,99,,,,,,,,,,,,,,,,,,
Tobacco products and smoking supplies,NewYork,40.7128 N,74.006 W,2015,222,,,,,,,,,,,,,,,,,,
Transportation,NewYork,40.7128 N,74.006 W,2015,8002,,,,,,,,,,,,,,,,,,
Alcoholic beverages,NewYork,40.7128 N,74.006 W,2016,460,,,,,,,,,,,,,,,,,,
Apparel and services,NewYork,40.7128 N,74.006 W,2016,2053,,,,,,,,,,,,,,,,,,
Cash contributions,NewYork,40.7128 N,74.006 W,2016,3517,,,,,,,,,,,,,,,,,,
Cereals and bakery products,NewYork,40.7128 N,74.006 W,2016,528,,,,,,,,,,,,,,,,,,
Dairy products,NewYork,40.7128 N,74.006 W,2016,413,,,,,,,,,,,,,,,,,,
Education,NewYork,40.7128 N,74.006 W,2016,2252,,,,,,,,,,,,,,,,,,
Entertainment,NewYork,40.7128 N,74.006 W,2016,2468,,,,,,,,,,,,,,,,,,
Food away from home,NewYork,40.7128 N,74.006 W,2016,2962,,,,,,,,,,,,,,,,,,
Fruits and vegetables,NewYork,40.7128 N,74.006 W,2016,829,,,,,,,,,,,,,,,,,,
Healthcare,NewYork,40.7128 N,74.006 W,2016,4226,,,,,,,,,,,,,,,,,,
Housing,NewYork,40.7128 N,74.006 W,2016,24795,,,,,,,,,,,,,,,,,,
"Meats, poultry, fish, and eggs",NewYork,40.7128 N,74.006 W,2016,881,,,,,,,,,,,,,,,,,,
Miscellaneous,NewYork,40.7128 N,74.006 W,2016,1032,,,,,,,,,,,,,,,,,,
Other food at home,NewYork,40.7128 N,74.006 W,2016,1191,,,,,,,,,,,,,,,,,,
Personal care products and services,NewYork,40.7128 N,74.006 W,2016,746,,,,,,,,,,,,,,,,,,
Personal insurance and pensions,NewYork,40.7128 N,74.006 W,2016,7912,,,,,,,,,,,,,,,,,,
Reading,NewYork,40.7128 N,74.006 W,2016,107,,,,,,,,,,,,,,,,,,
Tobacco products and smoking supplies,NewYork,40.7128 N,74.006 W,2016,224,,,,,,,,,,,,,,,,,,
Transportation,NewYork,40.7128 N,74.006 W,2016,7267,,,,,,,,,,,,,,,,,,
Alcoholic beverages,NewYork,40.7128 N,74.006 W,2017,499,,,,,,,,,,,,,,,,,,
Apparel and services,NewYork,40.7128 N,74.006 W,2017,2291,,,,,,,,,,,,,,,,,,
Cash contributions,NewYork,40.7128 N,74.006 W,2017,3329,,,,,,,,,,,,,,,,,,
Cereals and bakery products,NewYork,40.7128 N,74.006 W,2017,572,,,,,,,,,,,,,,,,,,
Dairy products,NewYork,40.7128 N,74.006 W,2017,456,,,,,,,,,,,,,,,,,,
Education,NewYork,40.7128 N,74.006 W,2017,2733,,,,,,,,,,,,,,,,,,
Entertainment,NewYork,40.7128 N,74.006 W,2017,2672,,,,,,,,,,,,,,,,,,
Food away from home,NewYork,40.7128 N,74.006 W,2017,3404,,,,,,,,,,,,,,,,,,
Fruits and vegetables,NewYork,40.7128 N,74.006 W,2017,910,,,,,,,,,,,,,,,,,,
Healthcare,NewYork,40.7128 N,74.006 W,2017,4681,,,,,,,,,,,,,,,,,,
Housing,NewYork,40.7128 N,74.006 W,2017,26113,,,,,,,,,,,,,,,,,,
"Meats, poultry, fish, and eggs",NewYork,40.7128 N,74.006 W,2017,984,,,,,,,,,,,,,,,,,,
Miscellaneous,NewYork,40.7128 N,74.006 W,2017,999,,,,,,,,,,,,,,,,,,
Other food at home,NewYork,40.7128 N,74.006 W,2017,1364,,,,,,,,,,,,,,,,,,
Personal care products and services,NewYork,40.7128 N,74.006 W,2017,791,,,,,,,,,,,,,,,,,,
Personal insurance and pensions,NewYork,40.7128 N,74.006 W,2017,7727,,,,,,,,,,,,,,,,,,
Reading,NewYork,40.7128 N,74.006 W,2017,105,,,,,,,,,,,,,,,,,,
Tobacco products and smoking supplies,NewYork,40.7128 N,74.006 W,2017,245,,,,,,,,,,,,,,,,,,
Transportation,NewYork,40.7128 N,74.006 W,2017,7907,,,,,,,,,,,,,,,,,,
Alcoholic beverages,NewYork,40.7128 N,74.006 W,2018,603,,,,,,,,,,,,,,,,,,
Apparel and services,NewYork,40.7128 N,74.006 W,2018,2574,,,,,,,,,,,,,,,,,,
Cash contributions,NewYork,40.7128 N,74.006 W,2018,1508,,,,,,,,,,,,,,,,,,
Cereals and bakery products,NewYork,40.7128 N,74.006 W,2018,638,,,,,,,,,,,,,,,,,,
Dairy products,NewYork,40.7128 N,74.006 W,2018,492,,,,,,,,,,,,,,,,,,
Education,NewYork,40.7128 N,74.006 W,2018,3007,,,,,,,,,,,,,,,,,,
Entertainment,NewYork,40.7128 N,74.006 W,2018,3154,,,,,,,,,,,,,,,,,,
Food away from home,NewYork,40.7128 N,74.006 W,2018,3885,,,,,,,,,,,,,,,,,,
Fruits and vegetables,NewYork,40.7128 N,74.006 W,2018,1025,,,,,,,,,,,,,,,,,,
Healthcare,NewYork,40.7128 N,74.006 W,2018,4787,,,,,,,,,,,,,,,,,,
Housing,NewYork,40.7128 N,74.006 W,2018,27626,,,,,,,,,,,,,,,,,,
"Meats, poultry, fish, and eggs",NewYork,40.7128 N,74.006 W,2018,1166,,,,,,,,,,,,,,,,,,
Miscellaneous,NewYork,40.7128 N,74.006 W,2018,1112,,,,,,,,,,,,,,,,,,
Other food at home,NewYork,40.7128 N,74.006 W,2018,1500,,,,,,,,,,,,,,,,,,
Personal care products and services,NewYork,40.7128 N,74.006 W,2018,858,,,,,,,,,,,,,,,,,,
Personal insurance and pensions,NewYork,40.7128 N,74.006 W,2018,8079,,,,,,,,,,,,,,,,,,
Reading,NewYork,40.7128 N,74.006 W,2018,110,,,,,,,,,,,,,,,,,,
Tobacco products and smoking supplies,NewYork,40.7128 N,74.006 W,2018,257,,,,,,,,,,,,,,,,,,
Transportation,NewYork,40.7128 N,74.006 W,2018,8494,,,,,,,,,,,,,,,,,,
Alcoholic beverages,NewYork,40.7128 N,74.006 W,2019,670,,,,,,,,,,,,,,,,,,
Apparel and services,NewYork,40.7128 N,74.006 W,2019,2801,,,,,,,,,,,,,,,,,,
Cash contributions,NewYork,40.7128 N,74.006 W,2019,1685,,,,,,,,,,,,,,,,,,
Cereals and bakery products,NewYork,40.7128 N,74.006 W,2019,710,,,,,,,,,,,,,,,,,,
Dairy products,NewYork,40.7128 N,74.006 W,2019,539,,,,,,,,,,,,,,,,,,
Education,NewYork,40.7128 N,74.006 W,2019,2711,,,,,,,,,,,,,,,,,,
Entertainment,NewYork,40.7128 N,74.006 W,2019,3005,,,,,,,,,,,,,,,,,,
Food away from home,NewYork,40.7128 N,74.006 W,2019,4491,,,,,,,,,,,,,,,,,,
Fruits and vegetables,NewYork,40.7128 N,74.006 W,2019,1145,,,,,,,,,,,,,,,,,,
Healthcare,NewYork,40.7128 N,74.006 W,2019,4728,,,,,,,,,,,,,,,,,,
Housing,NewYork,40.7128 N,74.006 W,2019,28040,,,,,,,,,,,,,,,,,,
"Meats, poultry, fish, and eggs",NewYork,40.7128 N,74.006 W,2019,1323,,,,,,,,,,,,,,,,,,
Miscellaneous,NewYork,40.7128 N,74.006 W,2019,1200,,,,,,,,,,,,,,,,,,
Other food at home,NewYork,40.7128 N,74.006 W,2019,1635,,,,,,,,,,,,,,,,,,
Personal care products and services,NewYork,40.7128 N,74.006 W,2019,913,,,,,,,,,,,,,,,,,,
Personal insurance and pensions,NewYork,40.7128 N,74.006 W,2019,8658,,,,,,,,,,,,,,,,,,
Reading,NewYork,40.7128 N,74.006 W,2019,86,,,,,,,,,,,,,,,,,,
Tobacco products and smoking supplies,NewYork,40.7128 N,74.006 W,2019,213,,,,,,,,,,,,,,,,,,
Transportation,NewYork,40.7128 N,74.006 W,2019,9255,,,,,,,,,,,,,,,,,,
Alcoholic beverages,NewYork,40.7128 N,74.006 W,2020,639,,,,,,,,,,,,,,,,,,
Apparel and services,NewYork,40.7128 N,74.006 W,2020,2526,,,,,,,,,,,,,,,,,,
Cash contributions,NewYork,40.7128 N,74.006 W,2020,1961,,,,,,,,,,,,,,,,,,
Cereals and bakery products,NewYork,40.7128 N,74.006 W,2020,774,,,,,,,,,,,,,,,,,,
Dairy products,NewYork,40.7128 N,74.006 W,2020,596,,,,,,,,,,,,,,,,,,
Education,NewYork,40.7128 N,74.006 W,2020,2872,,,,,,,,,,,,,,,,,,
Entertainment,NewYork,40.7128 N,74.006 W,2020,3176,,,,,,,,,,,,,,,,,,
Food away from home,NewYork,40.7128 N,74.006 W,2020,3706,,,,,,,,,,,,,,,,,,
Fruits and vegetables,NewYork,40.7128 N,74.006 W,2020,1357,,,,,,,,,,,,,,,,,,
Healthcare,NewYork,40.7128 N,74.006 W,2020,4683,,,,,,,,,,,,,,,,,,
Housing,NewYork,40.7128 N,74.006 W,2020,29425,,,,,,,,,,,,,,,,,,
"Meats, poultry, fish, and eggs",NewYork,40.7128 N,74.006 W,2020,1452,,,,,,,,,,,,,,,,,,
Miscellaneous,NewYork,40.7128 N,74.006 W,2020,1022,,,,,,,,,,,,,,,,,,
Other food at home,NewYork,40.7128 N,74.006 W,2020,1807,,,,,,,,,,,,,,,,,,
Personal care products and services,NewYork,40.7128 N,74.006 W,2020,808,,,,,,,,,,,,,,,,,,
Personal insurance and pensions,NewYork,40.7128 N,74.006 W,2020,8858,,,,,,,,,,,,,,,,,,
Reading,NewYork,40.7128 N,74.006 W,2020,100,,,,,,,,,,,,,,,,,,
Tobacco products and smoking supplies,NewYork,40.7128 N,74.006 W,2020,160,,,,,,,,,,,,,,,,,,
Transportation,NewYork,40.7128 N,74.006 W,2020,9350,,,,,,,,,,,,,,,,,,
Alcoholic beverages,NewYork,40.7128 N,74.006 W,2021,626,,,,,,,,,,,,,,,,,,
Apparel and services,NewYork,40.7128 N,74.006 W,2021,2403,,,,,,,,,,,,,,,,,,
Cash contributions,NewYork,40.7128 N,74.006 W,2021,2687,,,,,,,,,,,,,,,,,,
Cereals and bakery products,NewYork,40.7128 N,74.006 W,2021,798,,,,,,,,,,,,,,,,,,
Dairy products,NewYork,40.7128 N,74.006 W,2021,635,,,,,,,,,,,,,,,,,,
Education,NewYork,40.7128 N,74.006 W,2021,2748,,,,,,,,,,,,,,,,,,
Entertainment,NewYork,40.7128 N,74.006 W,2021,3346,,,,,,,,,,,,,,,,,,
Food away from home,NewYork,40.7128 N,74.006 W,2021,3060,,,,,,,,,,,,,,,,,,
Fruits and vegetables,NewYork,40.7128 N,74.006 W,2021,1433,,,,,,,,,,,,,,,,,,
Healthcare,NewYork,40.7128 N,74.006 W,2021,4834,,,,,,,,,,,,,,,,,,
Housing,NewYork,40.7128 N,74.006 W,2021,30560,,,,,,,,,,,,,,,,,,
"Meats, poultry, fish, and eggs",NewYork,40.7128 N,74.006 W,2021,1475,,,,,,,,,,,,,,,,,,
Miscellaneous,NewYork,40.7128 N,74.006 W,2021,966,,,,,,,,,,,,,,,,,,
Other food at home,NewYork,40.7128 N,74.006 W,2021,1994,,,,,,,,,,,,,,,,,,
Personal care products and services,NewYork,40.7128 N,74.006 W,2021,803,,,,,,,,,,,,,,,,,,
Personal insurance and pensions,NewYork,40.7128 N,74.006 W,2021,9536,,,,,,,,,,,,,,,,,,
Reading,NewYork,40.7128 N,74.006 W,2021,123,,,,,,,,,,,,,,,,,,
Tobacco products and smoking supplies,NewYork,40.7128 N,74.006 W,2021,166,,,,,,,,,,,,,,,,,,
Transportation,NewYork,40.7128 N,74.006 W,2021,9014,,,,,,,,,,,,,,,,,,
Alcoholic beverages,NewYork,40.7128 N,74.006 W,2022,788,,,,,,,,,,,,,,,,,,
Apparel and services,NewYork,40.7128 N,74.006 W,2022,2699,,,,,,,,,,,,,,,,,,
Cash contributions,NewYork,40.7128 N,74.006 W,2022,3036,,,,,,,,,,,,,,,,,,
Cereals and bakery products,NewYork,40.7128 N,74.006 W,2022,818,,,,,,,,,,,,,,,,,,
Dairy products,NewYork,40.7128 N,74.006 W,2022,664,,,,,,,,,,,,,,,,,,
Education,NewYork,40.7128 N,74.006 W,2022,2737,,,,,,,,,,,,,,,,,,
Entertainment,NewYork,40.7128 N,74.006 W,2022,3437,,,,,,,,,,,,,,,,,,
Food away from home,NewYork,40.7128 N,74.006 W,2022,4004,,,,,,,,,,,,,,,,,,
Fruits and vegetables,NewYork,40.7128 N,74.006 W,2022,1460,,,,,,,,,,,,,,,,,,
Healthcare,NewYork,40.7128 N,74.006 W,2022,5154,,,,,,,,,,,,,,,,,,
Housing,NewYork,40.7128 N,74.006 W,2022,31213,,,,,,,,,,,,,,,,,,
"Meats, poultry, fish, and eggs",NewYork,40.7128 N,74.006 W,2022,1534,,,,,,,,,,,,,,,,,,
Miscellaneous,NewYork,40.7128 N,74.006 W,2022,1009,,,,,,,,,,,,,,,,,,
Other food at home,NewYork,40.7128 N,74.006 W,2022,2163,,,,,,,,,,,,,,,,,,
Personal care products and services,NewYork,40.7128 N,74.006 W,2022,1056,,,,,,,,,,,,,,,,,,
Personal insurance and pensions,NewYork,40.7128 N,74.006 W,2022,10639,,,,,,,,,,,,,,,,,,
Reading,NewYork,40.7128 N,74.006 W,2022,140,,,,,,,,,,,,,,,,,,
Tobacco products and smoking supplies,NewYork,40.7128 N,74.006 W,2022,188,,,,,,,,,,,,,,,,,,
Transportation,NewYork,40.7128 N,74.006 W,2022,10326,,,,,,,,,,,,,,,,,,
